,correct,scenario,type,uid
0,0.0,30.0,crime,AARRC49LFF1O
1,1.0,28.0,crime,AARRC49LFF1O
2,1.0,18.0,evidence,AARRC49LFF1O
3,1.0,2.0,crime,AARRC49LFF1O
4,0.0,4.0,evidence,AARRC49LFF1O
5,1.0,10.0,evidence,AARRC49LFF1O
6,1.0,24.0,evidence,A3F0NFNLOLFJT0
7,1.0,16.0,evidence,A3F0NFNLOLFJT0
8,1.0,6.0,crime,A3F0NFNLOLFJT0
9,0.0,27.0,crime,A3SD02HCW68EUL
10,0.0,26.0,evidence,A3SD02HCW68EUL
11,0.0,2.0,crime,A3JLE2LJ5I17E2
12,0.0,15.0,evidence,A3JLE2LJ5I17E2
13,0.0,10.0,crime,A3JLE2LJ5I17E2
14,1.0,16.0,evidence,A27OFZ8AKEIQ0K
15,1.0,22.0,crime,A27OFZ8AKEIQ0K
16,1.0,7.0,crime,A27OFZ8AKEIQ0K
17,1.0,4.0,evidence,A27OFZ8AKEIQ0K
18,1.0,21.0,crime,A27OFZ8AKEIQ0K
19,1.0,28.0,evidence,A2YGOORS5N9RW8
20,1.0,29.0,evidence,A2YGOORS5N9RW8
21,1.0,30.0,crime,A2YGOORS5N9RW8
22,1.0,24.0,evidence,A2YGOORS5N9RW8
23,1.0,7.0,crime,A2YGOORS5N9RW8
24,1.0,5.0,crime,A2YGOORS5N9RW8
25,1.0,22.0,evidence,AH00EJ6PK1H3A
26,1.0,27.0,crime,AH00EJ6PK1H3A
27,1.0,13.0,evidence,AH00EJ6PK1H3A
28,1.0,20.0,evidence,AH00EJ6PK1H3A
29,1.0,8.0,crime,AH00EJ6PK1H3A
30,1.0,2.0,crime,AH00EJ6PK1H3A
31,0.0,8.0,evidence,A2XZU2LON0FYDQ
32,0.0,4.0,evidence,A2XZU2LON0FYDQ
33,0.0,13.0,evidence,A2XZU2LON0FYDQ
34,1.0,5.0,evidence,A2UTDZAZV1DF0N
35,1.0,24.0,evidence,A2UTDZAZV1DF0N
36,1.0,14.0,crime,A2UTDZAZV1DF0N
37,1.0,11.0,crime,A2UTDZAZV1DF0N
38,1.0,31.0,crime,A2NA2OJT15COZY
39,1.0,23.0,evidence,A2NA2OJT15COZY
40,1.0,13.0,evidence,A2NA2OJT15COZY
41,1.0,4.0,crime,A2NA2OJT15COZY
42,1.0,21.0,crime,A2NA2OJT15COZY
43,1.0,3.0,evidence,A2NA2OJT15COZY
44,1.0,29.0,evidence,AIUOH9YE27PQ2
45,1.0,23.0,crime,AIUOH9YE27PQ2
46,1.0,20.0,crime,AIUOH9YE27PQ2
47,0.0,24.0,evidence,AIUOH9YE27PQ2
48,1.0,28.0,crime,AIUOH9YE27PQ2
49,1.0,11.0,evidence,AIUOH9YE27PQ2
50,1.0,2.0,evidence,A3HSONMX6LNZR4
51,1.0,1.0,crime,A3HSONMX6LNZR4
52,1.0,22.0,crime,A3HSONMX6LNZR4
53,1.0,28.0,crime,A3HSONMX6LNZR4
54,0.0,11.0,evidence,A3HSONMX6LNZR4
55,0.0,15.0,evidence,A3HSONMX6LNZR4
56,1.0,14.0,crime,A8KX1HFH8NE2Q
57,1.0,4.0,evidence,A8KX1HFH8NE2Q
58,1.0,23.0,evidence,A3OPXWTBJZ37M8
59,1.0,12.0,evidence,A3OPXWTBJZ37M8
60,1.0,28.0,crime,A3OPXWTBJZ37M8
61,1.0,4.0,crime,A3OPXWTBJZ37M8
62,1.0,6.0,crime,A3OPXWTBJZ37M8
63,1.0,17.0,evidence,A3OPXWTBJZ37M8
64,1.0,26.0,crime,ABNJUVNHFVINU
65,1.0,3.0,crime,ABNJUVNHFVINU
66,1.0,6.0,evidence,ABNJUVNHFVINU
67,1.0,10.0,evidence,ABNJUVNHFVINU
68,1.0,4.0,evidence,ABNJUVNHFVINU
69,1.0,8.0,crime,ABNJUVNHFVINU
70,1.0,10.0,crime,A1VVR9MA1P9HWJ
71,1.0,29.0,evidence,A1VVR9MA1P9HWJ
72,1.0,30.0,crime,A1VVR9MA1P9HWJ
73,0.0,13.0,evidence,A1VVR9MA1P9HWJ
74,1.0,12.0,evidence,A1VVR9MA1P9HWJ
75,1.0,3.0,crime,A1VVR9MA1P9HWJ
76,1.0,24.0,crime,A2Y0WNHMT4PZ4C
77,1.0,23.0,evidence,A2Y0WNHMT4PZ4C
78,1.0,5.0,evidence,A2Y0WNHMT4PZ4C
79,1.0,15.0,crime,A2Y0WNHMT4PZ4C
80,1.0,6.0,crime,A1VVXZYA3TPHP0
81,1.0,12.0,crime,A1VVXZYA3TPHP0
82,1.0,27.0,evidence,A1VVXZYA3TPHP0
83,0.0,15.0,evidence,A1VVXZYA3TPHP0
84,1.0,31.0,evidence,A1SHLWKA0UH1IS
85,1.0,18.0,evidence,A1SHLWKA0UH1IS
86,1.0,12.0,crime,A1SHLWKA0UH1IS
87,1.0,21.0,crime,A1SHLWKA0UH1IS
88,1.0,30.0,evidence,A1SHLWKA0UH1IS
89,1.0,17.0,crime,A1SHLWKA0UH1IS
90,1.0,9.0,crime,AX82BZBEUJUBU
91,1.0,14.0,evidence,AX82BZBEUJUBU
92,1.0,17.0,evidence,AX82BZBEUJUBU
93,1.0,25.0,crime,AX82BZBEUJUBU
94,1.0,18.0,crime,AX82BZBEUJUBU
95,1.0,1.0,evidence,AX82BZBEUJUBU
96,1.0,28.0,crime,A3CH1Z6J9R38G9
97,1.0,18.0,evidence,A3CH1Z6J9R38G9
98,1.0,23.0,evidence,A3CH1Z6J9R38G9
99,1.0,22.0,evidence,A3CH1Z6J9R38G9
100,1.0,15.0,crime,A3CH1Z6J9R38G9
101,1.0,21.0,crime,A3CH1Z6J9R38G9
102,1.0,28.0,evidence,A1QC1K71RGKZBI
103,1.0,23.0,crime,A1QC1K71RGKZBI
104,1.0,7.0,crime,A1QC1K71RGKZBI
105,1.0,4.0,evidence,A1QC1K71RGKZBI
106,1.0,14.0,evidence,A1QC1K71RGKZBI
107,1.0,30.0,crime,A1QC1K71RGKZBI
108,0.0,2.0,evidence,A3BZVFD82AVLT8
109,1.0,1.0,evidence,A3TKB1M7O6PXBA
110,1.0,6.0,crime,A3TKB1M7O6PXBA
111,1.0,22.0,crime,A3TKB1M7O6PXBA
112,1.0,5.0,evidence,A3TKB1M7O6PXBA
113,1.0,30.0,crime,A3TKB1M7O6PXBA
114,1.0,10.0,evidence,A3TKB1M7O6PXBA
115,1.0,28.0,evidence,A3IMB1JAMHP1KK
116,1.0,12.0,evidence,A3IMB1JAMHP1KK
117,1.0,26.0,crime,A3IMB1JAMHP1KK
118,1.0,16.0,evidence,A3IMB1JAMHP1KK
119,1.0,9.0,crime,A3IMB1JAMHP1KK
120,1.0,1.0,crime,A3IMB1JAMHP1KK
121,1.0,26.0,crime,AOOLS8280CL0Z
122,1.0,11.0,evidence,AOOLS8280CL0Z
123,1.0,19.0,crime,AOOLS8280CL0Z
124,1.0,24.0,evidence,AOOLS8280CL0Z
125,1.0,20.0,evidence,AOOLS8280CL0Z
126,1.0,4.0,crime,AOOLS8280CL0Z
127,1.0,1.0,evidence,A2IP3ZAFYGV8M9
128,1.0,30.0,crime,A2IP3ZAFYGV8M9
129,1.0,17.0,evidence,A2IP3ZAFYGV8M9
130,1.0,19.0,evidence,A2IP3ZAFYGV8M9
131,1.0,18.0,crime,A2IP3ZAFYGV8M9
132,1.0,8.0,crime,A2IP3ZAFYGV8M9
133,1.0,22.0,evidence,A2APG8MSLJ6G2K
134,1.0,25.0,crime,A2APG8MSLJ6G2K
135,1.0,13.0,crime,A2APG8MSLJ6G2K
136,1.0,20.0,evidence,A2APG8MSLJ6G2K
137,1.0,29.0,crime,A2APG8MSLJ6G2K
138,1.0,17.0,evidence,A2APG8MSLJ6G2K
139,1.0,22.0,crime,AOS2PVHT2HYTL
140,1.0,20.0,evidence,AOS2PVHT2HYTL
141,1.0,18.0,evidence,AOS2PVHT2HYTL
142,1.0,29.0,crime,AOS2PVHT2HYTL
143,0.0,13.0,evidence,AOS2PVHT2HYTL
144,1.0,9.0,crime,AOS2PVHT2HYTL
145,1.0,1.0,evidence,A1JJYY622DGE5L
146,1.0,26.0,crime,A1JJYY622DGE5L
147,1.0,17.0,crime,A1JJYY622DGE5L
148,1.0,14.0,crime,A1JJYY622DGE5L
149,1.0,23.0,evidence,A1JJYY622DGE5L
150,1.0,30.0,evidence,A1JJYY622DGE5L
151,1.0,1.0,evidence,A3D2GO0IFRFN6R
152,1.0,11.0,crime,A3D2GO0IFRFN6R
153,1.0,9.0,crime,A3D2GO0IFRFN6R
154,1.0,14.0,evidence,A3D2GO0IFRFN6R
155,1.0,10.0,evidence,A3D2GO0IFRFN6R
156,1.0,23.0,crime,A3D2GO0IFRFN6R
157,1.0,20.0,evidence,A2KE8L6S2ADRNR
158,1.0,26.0,crime,A2KE8L6S2ADRNR
159,1.0,17.0,crime,A2KE8L6S2ADRNR
160,0.0,28.0,evidence,A2KE8L6S2ADRNR
161,1.0,22.0,crime,A2KE8L6S2ADRNR
162,1.0,7.0,evidence,A2KE8L6S2ADRNR
163,1.0,8.0,evidence,A36O6HV8LCXLJR
164,1.0,9.0,crime,A36O6HV8LCXLJR
165,1.0,4.0,crime,A36O6HV8LCXLJR
166,1.0,13.0,evidence,A36O6HV8LCXLJR
167,1.0,17.0,evidence,A36O6HV8LCXLJR
168,1.0,30.0,crime,A36O6HV8LCXLJR
169,1.0,27.0,crime,A2RHE12CJSKCRE
170,1.0,11.0,evidence,A2RHE12CJSKCRE
171,1.0,14.0,evidence,A3KSTM9CTESTVU
172,0.0,15.0,crime,A3KSTM9CTESTVU
173,0.0,16.0,evidence,A3KSTM9CTESTVU
174,1.0,24.0,crime,A3KSTM9CTESTVU
175,0.0,6.0,evidence,A3KSTM9CTESTVU
176,1.0,29.0,evidence,a1vl7507uonpx0
177,1.0,31.0,evidence,a1vl7507uonpx0
178,1.0,13.0,crime,a1vl7507uonpx0
179,1.0,18.0,crime,a1vl7507uonpx0
180,1.0,15.0,crime,a1vl7507uonpx0
181,1.0,7.0,evidence,A2J9U65SKT4TJW
182,1.0,1.0,crime,A2J9U65SKT4TJW
183,1.0,5.0,crime,A2J9U65SKT4TJW
184,1.0,25.0,crime,A2J9U65SKT4TJW
185,0.0,23.0,evidence,A2J9U65SKT4TJW
186,1.0,12.0,evidence,A2J9U65SKT4TJW
187,1.0,23.0,crime,A3IPVESY1MUTW1
188,1.0,28.0,evidence,A3IPVESY1MUTW1
189,1.0,16.0,crime,A3IPVESY1MUTW1
190,1.0,3.0,evidence,A3IPVESY1MUTW1
191,1.0,22.0,evidence,A3IPVESY1MUTW1
192,1.0,17.0,crime,A3IPVESY1MUTW1
193,1.0,20.0,evidence,A1BIJGB7XA0GME
194,1.0,23.0,evidence,A1BIJGB7XA0GME
195,1.0,1.0,crime,A1BIJGB7XA0GME
196,1.0,28.0,crime,A1BIJGB7XA0GME
197,1.0,12.0,crime,A1BIJGB7XA0GME
198,1.0,27.0,evidence,A1BIJGB7XA0GME
199,0.0,11.0,evidence,testtesttest
200,0.0,1.0,evidence,A3UITPDQ969UTD
201,0.0,5.0,evidence,A3UITPDQ969UTD
202,1.0,13.0,evidence,A3KP8KFGG6734Q
203,0.0,12.0,evidence,A3KP8KFGG6734Q
204,1.0,7.0,crime,A3KP8KFGG6734Q
205,1.0,19.0,evidence,A3KP8KFGG6734Q
206,1.0,2.0,crime,A3KP8KFGG6734Q
207,1.0,1.0,crime,A3KP8KFGG6734Q
208,1.0,20.0,crime,A250FES5PFCGK9
209,1.0,2.0,crime,A250FES5PFCGK9
210,1.0,27.0,crime,A250FES5PFCGK9
211,0.0,29.0,evidence,A250FES5PFCGK9
212,1.0,6.0,evidence,A2R8IV2PWFTY00
213,1.0,23.0,crime,A2R8IV2PWFTY00
214,1.0,13.0,evidence,A2R8IV2PWFTY00
215,1.0,31.0,crime,A2R8IV2PWFTY00
216,1.0,11.0,crime,A2R8IV2PWFTY00
217,1.0,22.0,evidence,A2R8IV2PWFTY00
218,1.0,5.0,crime,A2GOYSTIL3LOV1
219,1.0,3.0,crime,A2GOYSTIL3LOV1
220,1.0,16.0,evidence,A2GOYSTIL3LOV1
221,1.0,26.0,crime,A2GOYSTIL3LOV1
222,1.0,31.0,evidence,A2GOYSTIL3LOV1
223,1.0,22.0,evidence,A2GOYSTIL3LOV1
224,1.0,10.0,crime,A1BM57TUNAQIXM
225,0.0,30.0,evidence,A1BM57TUNAQIXM
226,1.0,26.0,evidence,A1BM57TUNAQIXM
227,1.0,4.0,evidence,A1BM57TUNAQIXM
228,1.0,9.0,crime,A1BM57TUNAQIXM
229,0.0,6.0,evidence,A2V68VOW02OWI1
230,0.0,28.0,evidence,A2V68VOW02OWI1
231,0.0,,crime,A2V68VOW02OWI1
232,1.0,10.0,evidence,A7V1W5PRQYP5N
233,0.0,21.0,evidence,A7V1W5PRQYP5N
234,1.0,24.0,crime,A7V1W5PRQYP5N
235,0.0,1.0,evidence,A7V1W5PRQYP5N
236,1.0,7.0,evidence,A2LPLM3X5PW1GL
237,1.0,16.0,crime,A2LPLM3X5PW1GL
238,1.0,28.0,evidence,A2LPLM3X5PW1GL
239,1.0,1.0,crime,A2LPLM3X5PW1GL
240,1.0,4.0,crime,A2LPLM3X5PW1GL
241,1.0,8.0,evidence,A2LPLM3X5PW1GL
242,1.0,5.0,crime,A14WLAP6TCEKO0
243,1.0,28.0,evidence,A14WLAP6TCEKO0
244,1.0,14.0,crime,A14WLAP6TCEKO0
245,1.0,21.0,evidence,A14WLAP6TCEKO0
246,1.0,9.0,evidence,A14WLAP6TCEKO0
247,1.0,30.0,crime,A14WLAP6TCEKO0
248,1.0,20.0,evidence,A136K9Y7E4C3G
249,1.0,21.0,crime,A136K9Y7E4C3G
250,1.0,1.0,evidence,A136K9Y7E4C3G
251,1.0,10.0,evidence,A136K9Y7E4C3G
252,1.0,4.0,crime,A136K9Y7E4C3G
253,1.0,26.0,crime,A136K9Y7E4C3G
254,1.0,7.0,evidence,A1TSD3O3C3ZUT6
255,1.0,9.0,evidence,A1TSD3O3C3ZUT6
256,1.0,1.0,crime,A1TSD3O3C3ZUT6
257,1.0,16.0,crime,A1TSD3O3C3ZUT6
258,1.0,27.0,evidence,A1TSD3O3C3ZUT6
259,1.0,26.0,crime,A1TSD3O3C3ZUT6
260,0.0,11.0,crime,A22CN9X0JP1HM4
261,0.0,4.0,evidence,A22CN9X0JP1HM4
262,0.0,31.0,crime,A22CN9X0JP1HM4
263,1.0,10.0,evidence,A25WGTFYA70QGZ
264,1.0,27.0,crime,A25WGTFYA70QGZ
265,0.0,25.0,evidence,A25WGTFYA70QGZ
266,1.0,23.0,evidence,A25WGTFYA70QGZ
267,1.0,20.0,crime,A25WGTFYA70QGZ
268,1.0,11.0,crime,A25WGTFYA70QGZ
269,0.0,21.0,evidence,A1QVNF19XSRSD7
270,0.0,16.0,crime,A1QVNF19XSRSD7
271,1.0,19.0,crime,AI4AO0O0WIJF7
272,0.0,16.0,evidence,AI4AO0O0WIJF7
273,1.0,11.0,crime,AI4AO0O0WIJF7
274,1.0,20.0,crime,AI4AO0O0WIJF7
275,1.0,27.0,evidence,AI4AO0O0WIJF7
276,1.0,18.0,evidence,AI4AO0O0WIJF7
277,0.0,10.0,evidence,A3KK1BNF5H0N1Z
278,0.0,15.0,evidence,A35HGRGEIRWGMI
279,1.0,22.0,crime,A35HGRGEIRWGMI
280,1.0,2.0,crime,A35HGRGEIRWGMI
281,1.0,10.0,evidence,A35HGRGEIRWGMI
282,0.0,12.0,evidence,A35HGRGEIRWGMI
283,0.0,4.0,crime,A35HGRGEIRWGMI
284,1.0,2.0,evidence,ARWF605I7RWM7
285,1.0,14.0,evidence,ARWF605I7RWM7
286,1.0,22.0,crime,ARWF605I7RWM7
287,1.0,13.0,evidence,ARWF605I7RWM7
288,1.0,10.0,crime,ARWF605I7RWM7
289,1.0,21.0,crime,ARWF605I7RWM7
290,0.0,29.0,crime,AETJ6T3KKG61I
291,1.0,10.0,crime,AETJ6T3KKG61I
292,0.0,16.0,evidence,AETJ6T3KKG61I
293,1.0,8.0,crime,A21HHFPT6CRWBI
294,1.0,11.0,crime,A21HHFPT6CRWBI
295,1.0,30.0,evidence,A21HHFPT6CRWBI
296,1.0,23.0,evidence,A21HHFPT6CRWBI
297,1.0,27.0,evidence,A21HHFPT6CRWBI
298,1.0,6.0,crime,A21HHFPT6CRWBI
299,0.0,20.0,evidence,AN1HXSI6M28FM
300,0.0,8.0,evidence,A1AKRS964MI8IM
301,0.0,28.0,crime,A1AKRS964MI8IM
302,1.0,6.0,crime,A1AKRS964MI8IM
303,0.0,22.0,evidence,A1AKRS964MI8IM
304,1.0,4.0,evidence,A30HUZHJBOX1LK
305,1.0,21.0,crime,A30HUZHJBOX1LK
306,1.0,27.0,evidence,A30HUZHJBOX1LK
307,1.0,10.0,crime,A30HUZHJBOX1LK
308,1.0,2.0,crime,A30HUZHJBOX1LK
309,1.0,7.0,evidence,A30HUZHJBOX1LK
310,1.0,19.0,evidence,A33UW3XW0LM27W
311,1.0,4.0,crime,A33UW3XW0LM27W
312,1.0,30.0,evidence,A8TIL9U6YHG5
313,0.0,10.0,evidence,A8TIL9U6YHG5
314,1.0,18.0,crime,A8TIL9U6YHG5
315,1.0,24.0,crime,A8TIL9U6YHG5
316,0.0,17.0,evidence,A8TIL9U6YHG5
317,1.0,3.0,crime,A8TIL9U6YHG5
318,1.0,21.0,evidence,AHOQWPD49OMW3
319,1.0,12.0,evidence,AHOQWPD49OMW3
320,1.0,23.0,crime,AHOQWPD49OMW3
321,1.0,15.0,crime,AHOQWPD49OMW3
322,1.0,4.0,evidence,AHOQWPD49OMW3
323,1.0,1.0,crime,AHOQWPD49OMW3
324,0.0,3.0,crime,AHHGRDU8XSRZ5
325,1.0,5.0,crime,AHHGRDU8XSRZ5
326,0.0,25.0,evidence,AHHGRDU8XSRZ5
327,0.0,30.0,evidence,ASAAL9165IX44
328,0.0,9.0,crime,AL2WYEXUY16DW
329,1.0,23.0,crime,AL2WYEXUY16DW
330,0.0,7.0,evidence,AL2WYEXUY16DW
331,1.0,22.0,evidence,AL2WYEXUY16DW
332,0.0,15.0,evidence,A30Y9031QAPG6N
333,1.0,25.0,evidence,A30Y9031QAPG6N
334,0.0,22.0,crime,A30Y9031QAPG6N
335,1.0,31.0,crime,A30Y9031QAPG6N
336,0.0,24.0,evidence,A30Y9031QAPG6N
337,1.0,28.0,evidence,AFK9ALQK5GPNG
338,1.0,10.0,crime,AFK9ALQK5GPNG
339,1.0,6.0,crime,AFK9ALQK5GPNG
340,0.0,3.0,evidence,AFK9ALQK5GPNG
341,1.0,7.0,evidence,AFK9ALQK5GPNG
342,1.0,31.0,crime,AFK9ALQK5GPNG
343,1.0,30.0,crime,APMV6M7BG0JW8
344,1.0,10.0,crime,APMV6M7BG0JW8
345,1.0,13.0,evidence,APMV6M7BG0JW8
346,1.0,3.0,crime,APMV6M7BG0JW8
347,0.0,2.0,evidence,APMV6M7BG0JW8
348,0.0,16.0,evidence,APMV6M7BG0JW8
349,1.0,4.0,crime,A2BWKA537OTIN1
350,1.0,14.0,evidence,A2BWKA537OTIN1
351,1.0,15.0,evidence,A2BWKA537OTIN1
352,1.0,9.0,evidence,A2BWKA537OTIN1
353,1.0,10.0,crime,A2BWKA537OTIN1
354,1.0,22.0,crime,A2BWKA537OTIN1
355,1.0,25.0,evidence,A1B14CS9DW7008
356,1.0,4.0,evidence,A1B14CS9DW7008
357,1.0,29.0,crime,A1B14CS9DW7008
358,1.0,28.0,crime,A1B14CS9DW7008
359,1.0,27.0,evidence,A1B14CS9DW7008
360,1.0,6.0,crime,A1B14CS9DW7008
361,1.0,2.0,crime,AA4O2W236E3FW
362,1.0,7.0,crime,AA4O2W236E3FW
363,1.0,14.0,evidence,AA4O2W236E3FW
364,1.0,1.0,crime,AA4O2W236E3FW
365,1.0,5.0,evidence,AA4O2W236E3FW
366,1.0,15.0,evidence,AA4O2W236E3FW
367,1.0,27.0,evidence,A50K8MTKFSNQT
368,1.0,18.0,crime,A50K8MTKFSNQT
369,0.0,2.0,evidence,A40LS4KPS01IV
370,1.0,27.0,evidence,A40LS4KPS01IV
371,1.0,8.0,evidence,A40LS4KPS01IV
372,1.0,7.0,crime,A40LS4KPS01IV
373,1.0,14.0,crime,A40LS4KPS01IV
374,1.0,4.0,crime,A40LS4KPS01IV
375,1.0,22.0,crime,A3P46SG0UIIY29
376,0.0,12.0,crime,A3P46SG0UIIY29
377,1.0,3.0,crime,A30UE6DWFNUCWX
378,0.0,26.0,evidence,A30UE6DWFNUCWX
379,1.0,31.0,evidence,ATP43ZVI1RP0C
380,1.0,14.0,evidence,ATP43ZVI1RP0C
381,1.0,12.0,crime,ATP43ZVI1RP0C
382,1.0,23.0,crime,ATP43ZVI1RP0C
383,1.0,24.0,crime,ATP43ZVI1RP0C
384,1.0,29.0,evidence,ATP43ZVI1RP0C
385,0.0,13.0,crime,AA9HEWGDUQDEU
386,1.0,1.0,crime,AA9HEWGDUQDEU
387,1.0,25.0,evidence,AA9HEWGDUQDEU
388,1.0,22.0,crime,AA9HEWGDUQDEU
389,0.0,24.0,evidence,AA9HEWGDUQDEU
390,0.0,1.0,crime,A3K3ZAEG60R0ZH
391,0.0,17.0,crime,A3K3ZAEG60R0ZH
392,1.0,6.0,evidence,A3K3ZAEG60R0ZH
393,1.0,8.0,crime,A3K3ZAEG60R0ZH
394,0.0,12.0,evidence,A3K3ZAEG60R0ZH
395,1.0,1.0,crime,A2ATXOR5WL2S0Q
396,1.0,18.0,evidence,A2ATXOR5WL2S0Q
397,1.0,15.0,evidence,A2ATXOR5WL2S0Q
398,1.0,30.0,evidence,A2ATXOR5WL2S0Q
399,0.0,21.0,evidence,A1DIW2K1J89CMO
400,1.0,30.0,evidence,A1DIW2K1J89CMO
401,1.0,27.0,evidence,AECDIRXC7CBY2
402,1.0,9.0,evidence,AECDIRXC7CBY2
403,1.0,15.0,crime,AECDIRXC7CBY2
404,1.0,31.0,evidence,AECDIRXC7CBY2
405,1.0,26.0,crime,AECDIRXC7CBY2
406,1.0,17.0,crime,AECDIRXC7CBY2
407,0.0,7.0,crime,A34B8T4EZZUZFV
408,0.0,12.0,evidence,A34B8T4EZZUZFV
409,1.0,10.0,crime,A34B8T4EZZUZFV
410,1.0,6.0,crime,A2XPWASDT8AYXH
411,1.0,11.0,evidence,A2XPWASDT8AYXH
412,1.0,16.0,evidence,A2XPWASDT8AYXH
413,0.0,9.0,evidence,A2XPWASDT8AYXH
414,1.0,20.0,crime,A2XPWASDT8AYXH
415,1.0,23.0,crime,A2XPWASDT8AYXH
416,1.0,27.0,evidence,A2ESE3IBTNAEB7
417,1.0,31.0,evidence,A2ESE3IBTNAEB7
418,1.0,11.0,crime,A2ESE3IBTNAEB7
419,1.0,8.0,crime,A2ESE3IBTNAEB7
420,1.0,4.0,crime,A2ESE3IBTNAEB7
421,1.0,3.0,evidence,A2ESE3IBTNAEB7
422,1.0,1.0,evidence,A1JJNB108BPMRN
423,1.0,14.0,crime,A1JJNB108BPMRN
424,1.0,7.0,crime,A1JJNB108BPMRN
425,1.0,18.0,evidence,A1JJNB108BPMRN
426,1.0,10.0,evidence,A1JJNB108BPMRN
427,1.0,19.0,crime,A1JJNB108BPMRN
428,1.0,28.0,evidence,A230GPTWWF3SE7
429,1.0,4.0,evidence,A230GPTWWF3SE7
430,1.0,20.0,crime,A230GPTWWF3SE7
431,1.0,22.0,crime,A230GPTWWF3SE7
432,1.0,2.0,crime,A230GPTWWF3SE7
433,1.0,7.0,evidence,A230GPTWWF3SE7
434,1.0,27.0,evidence,A53S7J4JGWG38
435,1.0,22.0,crime,A53S7J4JGWG38
436,1.0,25.0,evidence,A53S7J4JGWG38
437,1.0,14.0,crime,A53S7J4JGWG38
438,1.0,31.0,evidence,A53S7J4JGWG38
439,1.0,6.0,crime,A53S7J4JGWG38
440,1.0,22.0,crime,AYW6H3GAHFDRG
441,1.0,11.0,crime,AYW6H3GAHFDRG
442,1.0,9.0,evidence,AYW6H3GAHFDRG
443,1.0,30.0,crime,AYW6H3GAHFDRG
444,1.0,31.0,evidence,AYW6H3GAHFDRG
445,1.0,28.0,evidence,AYW6H3GAHFDRG
446,1.0,2.0,crime,A1P47Q6LZPLQ6P
447,1.0,29.0,crime,A1P47Q6LZPLQ6P
448,1.0,30.0,evidence,A1P47Q6LZPLQ6P
449,1.0,12.0,crime,A1P47Q6LZPLQ6P
450,1.0,20.0,evidence,A1P47Q6LZPLQ6P
451,1.0,17.0,evidence,A1P47Q6LZPLQ6P
452,0.0,6.0,evidence,A2PBYJGWVOA933
453,1.0,20.0,crime,A2PBYJGWVOA933
454,1.0,18.0,evidence,A2PBYJGWVOA933
455,1.0,17.0,crime,A2PBYJGWVOA933
456,1.0,1.0,evidence,A2PBYJGWVOA933
457,1.0,9.0,crime,A2PBYJGWVOA933
458,1.0,11.0,crime,A3W1M37EJKYIZI
459,1.0,18.0,evidence,A3W1M37EJKYIZI
460,1.0,20.0,evidence,A3W1M37EJKYIZI
461,1.0,28.0,crime,A3W1M37EJKYIZI
462,1.0,2.0,evidence,A3W1M37EJKYIZI
463,1.0,14.0,crime,A3W1M37EJKYIZI
464,1.0,27.0,crime,A1C2T79XTDHE39
465,1.0,21.0,crime,A1C2T79XTDHE39
466,0.0,15.0,evidence,A1C2T79XTDHE39
467,1.0,20.0,evidence,A1C2T79XTDHE39
468,1.0,14.0,crime,A1C2T79XTDHE39
469,1.0,23.0,evidence,A1C2T79XTDHE39
470,1.0,9.0,evidence,AAOEHS9LFB8KA
471,1.0,21.0,crime,AAOEHS9LFB8KA
472,1.0,17.0,crime,A1GKD3NG1NNHRP
473,1.0,8.0,evidence,A1GKD3NG1NNHRP
474,1.0,25.0,crime,A1GKD3NG1NNHRP
475,1.0,4.0,evidence,A1GKD3NG1NNHRP
476,1.0,14.0,evidence,A1GKD3NG1NNHRP
477,1.0,23.0,crime,A1GKD3NG1NNHRP
478,1.0,24.0,crime,ATXAVU13VN2I
479,1.0,15.0,crime,ATXAVU13VN2I
480,1.0,13.0,evidence,ATXAVU13VN2I
481,1.0,25.0,evidence,ATXAVU13VN2I
482,1.0,19.0,evidence,ATXAVU13VN2I
483,1.0,21.0,crime,ATXAVU13VN2I
484,1.0,30.0,crime,A1KPUJ4XNQANQ8
485,1.0,31.0,evidence,A1KPUJ4XNQANQ8
486,1.0,16.0,crime,A1KPUJ4XNQANQ8
487,1.0,21.0,crime,A1KPUJ4XNQANQ8
488,1.0,18.0,evidence,A1KPUJ4XNQANQ8
489,0.0,28.0,evidence,A1KPUJ4XNQANQ8
490,1.0,9.0,crime,ALV4DAF8DIJ37
491,1.0,7.0,crime,ALV4DAF8DIJ37
492,1.0,13.0,evidence,ALV4DAF8DIJ37
493,1.0,12.0,evidence,ALV4DAF8DIJ37
494,1.0,25.0,crime,ALV4DAF8DIJ37
495,1.0,21.0,evidence,ALV4DAF8DIJ37
496,1.0,12.0,evidence,A1SOIE67CIL16C
497,1.0,23.0,crime,A1SOIE67CIL16C
498,0.0,1.0,evidence,A1SOIE67CIL16C
499,1.0,6.0,crime,A1SOIE67CIL16C
500,1.0,28.0,crime,A1SOIE67CIL16C
501,1.0,17.0,evidence,A1SOIE67CIL16C
502,0.0,20.0,crime,ABL3H3O3BI8ZD
503,1.0,16.0,crime,A2R89RXGEVG05I
504,1.0,23.0,crime,A2R89RXGEVG05I
505,1.0,19.0,evidence,A2R89RXGEVG05I
506,1.0,27.0,evidence,A2R89RXGEVG05I
507,1.0,6.0,crime,A2R89RXGEVG05I
508,0.0,8.0,evidence,A2R89RXGEVG05I
509,1.0,4.0,evidence,A3NMQ3019X6YE0
510,1.0,17.0,evidence,A3NMQ3019X6YE0
511,1.0,13.0,evidence,A3NMQ3019X6YE0
512,1.0,25.0,crime,A3NMQ3019X6YE0
513,1.0,24.0,crime,A3NMQ3019X6YE0
514,1.0,10.0,crime,A3NMQ3019X6YE0
515,0.0,7.0,evidence,AEEL6DE8FQSX6
516,1.0,26.0,crime,A383WPMTMRQEA0
517,1.0,7.0,evidence,A383WPMTMRQEA0
518,1.0,22.0,evidence,A383WPMTMRQEA0
519,1.0,27.0,crime,A383WPMTMRQEA0
520,1.0,24.0,crime,A383WPMTMRQEA0
521,1.0,17.0,evidence,A383WPMTMRQEA0
522,1.0,26.0,crime,A2BBDH8DZD77AU
523,1.0,1.0,crime,A2BBDH8DZD77AU
524,1.0,25.0,evidence,A2BBDH8DZD77AU
525,1.0,20.0,evidence,A2BBDH8DZD77AU
526,1.0,5.0,evidence,A2BBDH8DZD77AU
527,1.0,16.0,crime,A2BBDH8DZD77AU
528,1.0,5.0,crime,A3H8Y415E0WXQN
529,1.0,4.0,evidence,A3H8Y415E0WXQN
530,1.0,29.0,crime,A3H8Y415E0WXQN
531,1.0,12.0,evidence,A3H8Y415E0WXQN
532,1.0,16.0,crime,A3H8Y415E0WXQN
533,1.0,6.0,evidence,A3H8Y415E0WXQN
534,1.0,7.0,crime,A2GL4H2GRVX15O
535,1.0,15.0,evidence,A2GL4H2GRVX15O
536,1.0,10.0,evidence,A2GL4H2GRVX15O
537,1.0,24.0,crime,A2GL4H2GRVX15O
538,1.0,5.0,crime,A2GL4H2GRVX15O
539,1.0,16.0,evidence,A2GL4H2GRVX15O
540,1.0,2.0,evidence,A3LVLZS8S41ZD7
541,0.0,25.0,crime,A24B5UF6RMHYGX
542,1.0,19.0,crime,A1AZLJ3R5FQ9B7
543,1.0,4.0,crime,A1AZLJ3R5FQ9B7
544,1.0,17.0,evidence,A1AZLJ3R5FQ9B7
545,1.0,18.0,crime,A1AZLJ3R5FQ9B7
546,1.0,7.0,evidence,A1AZLJ3R5FQ9B7
547,0.0,6.0,evidence,A1AZLJ3R5FQ9B7
548,1.0,17.0,evidence,A3SZF91DCOQPW3
549,1.0,25.0,crime,A3SZF91DCOQPW3
550,1.0,9.0,evidence,A3SZF91DCOQPW3
551,1.0,12.0,crime,A3SZF91DCOQPW3
552,1.0,14.0,evidence,A3SZF91DCOQPW3
553,1.0,6.0,crime,A3SZF91DCOQPW3
554,1.0,15.0,crime,A2CHDWKAYZ3P3E
555,0.0,27.0,evidence,A2CHDWKAYZ3P3E
556,1.0,20.0,evidence,A2CHDWKAYZ3P3E
557,1.0,9.0,crime,A2CHDWKAYZ3P3E
558,1.0,31.0,crime,A2CHDWKAYZ3P3E
559,1.0,3.0,evidence,A2CHDWKAYZ3P3E
560,1.0,27.0,evidence,A1SCESDDNPL2B4
561,1.0,25.0,evidence,A1SCESDDNPL2B4
562,1.0,28.0,evidence,A1SCESDDNPL2B4
563,1.0,2.0,crime,A1SCESDDNPL2B4
564,1.0,22.0,crime,A1SCESDDNPL2B4
565,1.0,31.0,crime,A1SCESDDNPL2B4
566,1.0,24.0,evidence,A37KREDYGDTP4U
567,0.0,4.0,crime,A37KREDYGDTP4U
568,1.0,20.0,evidence,A37KREDYGDTP4U
569,0.0,28.0,crime,A37KREDYGDTP4U
570,1.0,17.0,evidence,A1KK9SJUQRAH
571,1.0,4.0,crime,A1KK9SJUQRAH
572,1.0,24.0,evidence,A1KK9SJUQRAH
573,1.0,19.0,crime,A1KK9SJUQRAH
574,1.0,12.0,crime,A1KK9SJUQRAH
575,1.0,21.0,evidence,A1KK9SJUQRAH
576,0.0,30.0,evidence,AH1UHYL4JFS4M
577,0.0,5.0,crime,AH1UHYL4JFS4M
578,0.0,23.0,evidence,AH1UHYL4JFS4M
579,1.0,13.0,crime,A1XBWSV6TWJUU8
580,1.0,7.0,evidence,A1XBWSV6TWJUU8
581,1.0,23.0,evidence,A1XBWSV6TWJUU8
582,1.0,25.0,crime,A1XBWSV6TWJUU8
583,1.0,28.0,crime,A1XBWSV6TWJUU8
584,1.0,1.0,evidence,A1XBWSV6TWJUU8
585,1.0,25.0,crime,A1YHIQHLLLQIIQ
586,1.0,12.0,evidence,A1YHIQHLLLQIIQ
587,1.0,13.0,evidence,A1YHIQHLLLQIIQ
588,1.0,3.0,crime,A1YHIQHLLLQIIQ
589,1.0,29.0,evidence,A1YHIQHLLLQIIQ
590,1.0,10.0,crime,A1YHIQHLLLQIIQ
591,1.0,10.0,crime,A1F1TBDHPYAAXT
592,1.0,27.0,evidence,A1F1TBDHPYAAXT
593,1.0,25.0,crime,A1F1TBDHPYAAXT
594,1.0,26.0,crime,A1F1TBDHPYAAXT
595,1.0,19.0,evidence,A1F1TBDHPYAAXT
596,1.0,3.0,evidence,A1F1TBDHPYAAXT
597,0.0,22.0,evidence,A36JOP57WZ4G52
598,1.0,4.0,crime,A2DZ1QW6G1LUVY
599,1.0,28.0,crime,A2DZ1QW6G1LUVY
600,1.0,23.0,evidence,A2DZ1QW6G1LUVY
601,1.0,14.0,evidence,A2DZ1QW6G1LUVY
602,1.0,22.0,crime,A2DZ1QW6G1LUVY
603,1.0,13.0,evidence,A2DZ1QW6G1LUVY
604,1.0,9.0,evidence,A3H9LK309D3AGI
605,1.0,31.0,evidence,A3H9LK309D3AGI
606,1.0,25.0,crime,A3H9LK309D3AGI
607,1.0,12.0,evidence,A3H9LK309D3AGI
608,1.0,2.0,crime,A3H9LK309D3AGI
609,1.0,23.0,crime,A3H9LK309D3AGI
610,1.0,9.0,evidence,A1J4Z9AX070TJP
611,1.0,18.0,crime,A1J4Z9AX070TJP
612,1.0,10.0,evidence,A1J4Z9AX070TJP
613,1.0,23.0,crime,A1J4Z9AX070TJP
614,1.0,7.0,crime,A1J4Z9AX070TJP
615,1.0,12.0,evidence,A1J4Z9AX070TJP
616,1.0,6.0,crime,A38ILUORAQ7EJ0
617,1.0,11.0,evidence,A38ILUORAQ7EJ0
618,1.0,8.0,evidence,A38ILUORAQ7EJ0
619,1.0,10.0,crime,A38ILUORAQ7EJ0
620,1.0,7.0,crime,A38ILUORAQ7EJ0
621,1.0,9.0,evidence,A38ILUORAQ7EJ0
622,1.0,13.0,crime,A38ZV8LBZ034IZ
623,1.0,25.0,crime,A2CF2BD4Q0ZDJN
624,0.0,8.0,evidence,A1TGL0XGX8IA7P
625,1.0,25.0,evidence,A1TGL0XGX8IA7P
626,0.0,17.0,crime,A1TGL0XGX8IA7P
627,0.0,27.0,crime,A1TGL0XGX8IA7P
628,0.0,9.0,evidence,A2JSIDRTDGDC7T
629,0.0,4.0,crime,A2JSIDRTDGDC7T
630,0.0,26.0,crime,A2JSIDRTDGDC7T
631,0.0,10.0,evidence,APVWMP5952IOY
632,1.0,28.0,crime,APVWMP5952IOY
633,1.0,30.0,crime,APVWMP5952IOY
634,1.0,27.0,evidence,APVWMP5952IOY
635,0.0,22.0,evidence,APVWMP5952IOY
636,1.0,5.0,crime,APVWMP5952IOY
637,1.0,11.0,crime,A3IX3XVGPJH2I7
638,1.0,20.0,crime,A3IX3XVGPJH2I7
639,0.0,5.0,evidence,A3IX3XVGPJH2I7
640,1.0,9.0,evidence,A3IX3XVGPJH2I7
641,1.0,13.0,crime,A3IX3XVGPJH2I7
642,1.0,2.0,evidence,A3IX3XVGPJH2I7
643,1.0,4.0,evidence,A1SISJL5ST2PWH
644,1.0,23.0,evidence,A1SISJL5ST2PWH
645,1.0,30.0,crime,A1SISJL5ST2PWH
646,1.0,31.0,evidence,A1SISJL5ST2PWH
647,1.0,24.0,crime,A1SISJL5ST2PWH
648,1.0,19.0,crime,A1SISJL5ST2PWH
649,0.0,5.0,evidence,A2567IHLKR4TC3
650,0.0,27.0,crime,A2567IHLKR4TC3
651,1.0,12.0,evidence,A3GITKS8VABUNB
652,1.0,12.0,crime,A2T5NZGZG5NTK2
653,0.0,22.0,evidence,A2T5NZGZG5NTK2
654,1.0,28.0,evidence,AZ4HOU8N4FZ53
655,1.0,15.0,crime,AZ4HOU8N4FZ53
656,1.0,9.0,evidence,AZ4HOU8N4FZ53
657,1.0,24.0,evidence,AZ4HOU8N4FZ53
658,1.0,23.0,crime,AZ4HOU8N4FZ53
659,1.0,4.0,crime,AZ4HOU8N4FZ53
660,1.0,31.0,crime,A2H26V03AYCIYC
661,1.0,8.0,evidence,A2H26V03AYCIYC
662,0.0,8.0,evidence,A1RP622B3KMP21
663,0.0,31.0,crime,A1RP622B3KMP21
664,1.0,18.0,crime,A1RP622B3KMP21
665,0.0,30.0,evidence,A1RP622B3KMP21
666,0.0,30.0,evidence,A21OKN7OJOFG2P
667,0.0,20.0,crime,A21OKN7OJOFG2P
668,0.0,21.0,crime,A21OKN7OJOFG2P
669,1.0,14.0,evidence,A3PAM3UNU3OK89
670,1.0,20.0,evidence,A3PAM3UNU3OK89
671,1.0,10.0,evidence,A2HJDLSU95MH8Q
672,1.0,6.0,evidence,A2HJDLSU95MH8Q
673,1.0,15.0,evidence,A2HJDLSU95MH8Q
674,1.0,8.0,crime,A2HJDLSU95MH8Q
675,1.0,23.0,crime,A2HJDLSU95MH8Q
676,1.0,14.0,crime,A2HJDLSU95MH8Q
677,1.0,4.0,crime,AQC8WQHV3U67X
678,1.0,15.0,evidence,AQC8WQHV3U67X
679,1.0,29.0,crime,AQC8WQHV3U67X
680,0.0,24.0,evidence,AQC8WQHV3U67X
681,0.0,21.0,evidence,AQC8WQHV3U67X
682,1.0,25.0,crime,AQC8WQHV3U67X
683,1.0,29.0,crime,A277UVT82WHF65
684,1.0,31.0,crime,A277UVT82WHF65
685,1.0,25.0,evidence,A277UVT82WHF65
686,1.0,23.0,crime,A277UVT82WHF65
687,1.0,27.0,evidence,A277UVT82WHF65
688,0.0,8.0,evidence,A277UVT82WHF65
689,0.0,6.0,evidence,A1X0EXH1Z96GOJ
690,0.0,26.0,evidence,A1X0EXH1Z96GOJ
691,0.0,,crime,A1X0EXH1Z96GOJ
692,0.0,29.0,evidence,A25IP77YL8UE9R
693,1.0,29.0,crime,A3OZB09ZZLZEFQ
694,0.0,10.0,crime,A3OZB09ZZLZEFQ
695,0.0,21.0,evidence,A3OZB09ZZLZEFQ
696,0.0,16.0,crime,A3OZB09ZZLZEFQ
697,0.0,29.0,evidence,A29QDC93L0A4RW
698,1.0,30.0,crime,A29QDC93L0A4RW
699,0.0,21.0,evidence,A29QDC93L0A4RW
700,1.0,12.0,evidence,A3TI6XISG3CKJF
701,1.0,15.0,crime,A3TI6XISG3CKJF
702,1.0,16.0,crime,A3TI6XISG3CKJF
703,1.0,1.0,evidence,A3TI6XISG3CKJF
704,1.0,18.0,crime,A3TI6XISG3CKJF
705,1.0,17.0,evidence,A3TI6XISG3CKJF
706,1.0,27.0,evidence,A2ZQCHONMAJZF
707,1.0,23.0,crime,A2ZQCHONMAJZF
708,1.0,22.0,evidence,A2ZQCHONMAJZF
709,1.0,25.0,evidence,A2ZQCHONMAJZF
710,1.0,21.0,crime,A2ZQCHONMAJZF
711,1.0,24.0,crime,A2ZQCHONMAJZF
712,1.0,30.0,evidence,A1B7GQTH9YG04X
713,1.0,31.0,evidence,A1B7GQTH9YG04X
714,1.0,5.0,crime,A1B7GQTH9YG04X
715,1.0,23.0,crime,A1B7GQTH9YG04X
716,1.0,11.0,evidence,A1B7GQTH9YG04X
717,1.0,20.0,crime,A1B7GQTH9YG04X
718,1.0,9.0,crime,A2539PUSDD137T
719,1.0,4.0,evidence,A2539PUSDD137T
720,1.0,31.0,crime,A2539PUSDD137T
721,1.0,16.0,evidence,A2539PUSDD137T
722,1.0,20.0,crime,A2539PUSDD137T
723,1.0,7.0,evidence,A3095ABT1L25QK
724,1.0,3.0,crime,A3095ABT1L25QK
725,1.0,23.0,crime,A3095ABT1L25QK
726,1.0,28.0,evidence,A3095ABT1L25QK
727,1.0,18.0,crime,A3095ABT1L25QK
728,1.0,21.0,evidence,A3095ABT1L25QK
729,0.0,3.0,evidence,A23KH0CK7RRUGX
730,0.0,21.0,crime,A23KH0CK7RRUGX
731,0.0,1.0,evidence,A23KH0CK7RRUGX
732,1.0,11.0,crime,A2M55RDN9UDPXJ
733,0.0,10.0,evidence,A2M55RDN9UDPXJ
734,0.0,20.0,evidence,A2M55RDN9UDPXJ
735,0.0,12.0,crime,A2M55RDN9UDPXJ
736,0.0,9.0,crime,A2M55RDN9UDPXJ
737,0.0,6.0,evidence,A2M55RDN9UDPXJ
738,,,,A2M55RDN9UDPXJ
739,1.0,12.0,evidence,AHYTT3T8W9Y9Y
740,1.0,28.0,crime,AHYTT3T8W9Y9Y
741,1.0,10.0,crime,AHYTT3T8W9Y9Y
742,1.0,20.0,crime,AHYTT3T8W9Y9Y
743,1.0,8.0,evidence,AHYTT3T8W9Y9Y
744,1.0,29.0,evidence,AHYTT3T8W9Y9Y
745,0.0,5.0,evidence,A2KSNTYOUZY59E
746,0.0,29.0,crime,A2KSNTYOUZY59E
747,0.0,13.0,crime,A2KSNTYOUZY59E
748,1.0,22.0,crime,A3HFS6Q0TONAB9
749,0.0,6.0,crime,A3HFS6Q0TONAB9
750,1.0,19.0,crime,A3HFS6Q0TONAB9
751,1.0,5.0,evidence,A3HFS6Q0TONAB9
752,0.0,8.0,evidence,A3HFS6Q0TONAB9
753,0.0,3.0,evidence,A3HFS6Q0TONAB9
754,0.0,23.0,evidence,A3HFS6Q0TONAB6
755,1.0,2.0,crime,A3HFS6Q0TONAB6
756,1.0,24.0,crime,A3HFS6Q0TONAB6
757,1.0,2.0,evidence,A2CCT1QNR4J27G
758,0.0,16.0,crime,A2CCT1QNR4J27G
759,1.0,11.0,crime,A2CCT1QNR4J27G
760,1.0,4.0,evidence,A2B7V3HDBDKHPN
761,1.0,19.0,evidence,A2B7V3HDBDKHPN
762,1.0,21.0,crime,A2B7V3HDBDKHPN
763,1.0,15.0,crime,A2B7V3HDBDKHPN
764,1.0,23.0,evidence,A2B7V3HDBDKHPN
765,1.0,7.0,crime,A2B7V3HDBDKHPN
766,0.0,1.0,evidence,AGGO60OK8U21
767,0.0,30.0,evidence,AGGO60OK8U21
768,1.0,17.0,crime,AGGO60OK8U21
769,0.0,7.0,evidence,A1Y9NJ9R8M1B1B
770,0.0,11.0,evidence,A169TUV6LKM249
771,1.0,12.0,evidence,ALCSNULDVTDFF
772,0.0,5.0,crime,ALCSNULDVTDFF
773,0.0,28.0,evidence,ALCSNULDVTDFF
774,1.0,2.0,evidence,ALCSNULDVTDFF
775,1.0,26.0,evidence,A2UAGNKP1BPON
776,1.0,18.0,evidence,A2UAGNKP1BPON
777,1.0,15.0,crime,A2UAGNKP1BPON
778,1.0,2.0,evidence,A2UAGNKP1BPON
779,1.0,6.0,crime,A2UAGNKP1BPON
780,1.0,25.0,crime,A2UAGNKP1BPON
781,1.0,25.0,evidence,A3HK9FNLLXXCAR
782,1.0,11.0,crime,A3HK9FNLLXXCAR
783,1.0,4.0,crime,A3HK9FNLLXXCAR
784,1.0,21.0,crime,A3HK9FNLLXXCAR
785,1.0,27.0,crime,A2KHMKJUVDMK1N
786,0.0,19.0,evidence,A2KHMKJUVDMK1N
787,1.0,25.0,crime,A2KHMKJUVDMK1N
788,1.0,5.0,evidence,A2KHMKJUVDMK1N
789,1.0,16.0,crime,A2KHMKJUVDMK1N
790,1.0,20.0,evidence,A2KHMKJUVDMK1N
791,1.0,22.0,crime,A748N8WFG2HR4
792,1.0,13.0,evidence,A748N8WFG2HR4
793,1.0,24.0,evidence,A748N8WFG2HR4
794,1.0,26.0,evidence,A748N8WFG2HR4
795,1.0,7.0,crime,A748N8WFG2HR4
796,1.0,25.0,crime,A748N8WFG2HR4
797,1.0,15.0,evidence,A2L6GCRFAKUEXF
798,1.0,26.0,evidence,A2L6GCRFAKUEXF
799,1.0,2.0,crime,A2L6GCRFAKUEXF
800,0.0,11.0,crime,A39VVWV1GHLMFD
801,0.0,4.0,evidence,A39VVWV1GHLMFD
802,1.0,10.0,crime,A39VVWV1GHLMFD
803,1.0,13.0,evidence,A39VVWV1GHLMFD
804,0.0,20.0,evidence,A39VVWV1GHLMFD
805,1.0,8.0,crime,A33L61XKPX76DB
806,1.0,5.0,crime,A33L61XKPX76DB
807,1.0,19.0,evidence,A33L61XKPX76DB
808,0.0,11.0,evidence,A3B6UPVYBLEA4F
809,0.0,23.0,evidence,A3TUCOUVSP9ZGY
810,1.0,22.0,crime,A3TUCOUVSP9ZGY
811,1.0,7.0,crime,A3TUCOUVSP9ZGY
812,1.0,13.0,crime,A3TUCOUVSP9ZGY
813,1.0,21.0,evidence,A3TUCOUVSP9ZGY
814,1.0,27.0,evidence,A3TUCOUVSP9ZGY
815,1.0,14.0,crime,A18BD5BTUR0KZP
816,0.0,24.0,evidence,A18BD5BTUR0KZP
817,1.0,29.0,evidence,A18BD5BTUR0KZP
818,1.0,28.0,evidence,A18BD5BTUR0KZP
819,1.0,1.0,crime,A18BD5BTUR0KZP
820,0.0,30.0,crime,A18BD5BTUR0KZP
821,1.0,20.0,crime,A26RO8GGTQAXGG
822,1.0,14.0,crime,A26RO8GGTQAXGG
823,1.0,28.0,evidence,A26RO8GGTQAXGG
824,1.0,2.0,crime,A26RO8GGTQAXGG
825,1.0,17.0,evidence,A26RO8GGTQAXGG
826,1.0,19.0,evidence,A26RO8GGTQAXGG
827,1.0,7.0,crime,A21HK1XWMEL393
828,0.0,22.0,crime,A21HK1XWMEL393
829,0.0,23.0,evidence,A21HK1XWMEL393
830,0.0,1.0,evidence,A21HK1XWMEL393
831,1.0,24.0,evidence,A2A5HAPJD18TRU
832,1.0,17.0,crime,A2A5HAPJD18TRU
833,1.0,15.0,crime,A2A5HAPJD18TRU
834,1.0,2.0,evidence,A2A5HAPJD18TRU
835,1.0,14.0,crime,A2A5HAPJD18TRU
836,1.0,7.0,evidence,A2A5HAPJD18TRU
837,0.0,25.0,evidence,ANYJ22IOQKAX3
838,0.0,23.0,evidence,ANYJ22IOQKAX3
839,0.0,21.0,evidence,ANYJ22IOQKAX3
840,1.0,13.0,crime,A1ZCP2OQXOMAHN
841,1.0,19.0,crime,A1ZCP2OQXOMAHN
842,1.0,17.0,evidence,A1ZCP2OQXOMAHN
843,1.0,15.0,crime,A1ZCP2OQXOMAHN
844,1.0,31.0,evidence,A1ZCP2OQXOMAHN
845,1.0,9.0,evidence,A1ZCP2OQXOMAHN
846,0.0,13.0,crime,A3UP4PP3ZF1J39
847,0.0,24.0,evidence,A3UP4PP3ZF1J39
848,0.0,25.0,evidence,A3UP4PP3ZF1J39
849,0.0,25.0,evidence,A2IO83300NZCUE
850,1.0,29.0,evidence,A2IO83300NZCUE
851,1.0,2.0,crime,A3080BMBBYP2N1
852,0.0,7.0,evidence,A3080BMBBYP2N1
853,0.0,10.0,evidence,A3080BMBBYP2N1
854,0.0,8.0,crime,A3HZFB2JLF3JMY
855,0.0,1.0,evidence,A3HZFB2JLF3JMY
856,1.0,4.0,crime,A171C7B6HHSEGH
857,1.0,31.0,evidence,A171C7B6HHSEGH
858,1.0,24.0,crime,A171C7B6HHSEGH
859,1.0,23.0,evidence,A171C7B6HHSEGH
860,1.0,21.0,evidence,A171C7B6HHSEGH
861,1.0,8.0,crime,A171C7B6HHSEGH
862,0.0,10.0,evidence,A2QGBF0K3MBMBL
863,1.0,27.0,evidence,A2QGBF0K3MBMBL
864,0.0,13.0,crime,A2QGBF0K3MBMBL
865,0.0,22.0,crime,A2QGBF0K3MBMBL
866,1.0,21.0,crime,A1ZM56EQX9446P
867,1.0,15.0,evidence,A1ZM56EQX9446P
868,1.0,11.0,evidence,A1ZM56EQX9446P
869,1.0,22.0,evidence,A1ZM56EQX9446P
870,1.0,29.0,crime,A1ZM56EQX9446P
871,1.0,19.0,crime,A1ZM56EQX9446P
872,1.0,28.0,evidence,A2I0ANKY20XQRX
873,1.0,19.0,crime,A2I0ANKY20XQRX
874,1.0,17.0,crime,A2I0ANKY20XQRX
875,1.0,5.0,evidence,A2I0ANKY20XQRX
876,1.0,18.0,crime,A2I0ANKY20XQRX
877,1.0,21.0,evidence,A2I0ANKY20XQRX
878,1.0,9.0,evidence,A1FYSXD0MJXPMG
879,1.0,28.0,evidence,A1FYSXD0MJXPMG
880,1.0,25.0,evidence,A1FYSXD0MJXPMG
881,1.0,4.0,crime,A1FYSXD0MJXPMG
882,1.0,24.0,crime,A1FYSXD0MJXPMG
883,1.0,26.0,crime,A1FYSXD0MJXPMG
884,0.0,2.0,evidence,A22I08200A995A
885,0.0,18.0,crime,A22I08200A995A
886,0.0,30.0,evidence,A22I08200A995A
887,1.0,21.0,evidence,A171RZ3O028XF6
888,1.0,1.0,crime,A171RZ3O028XF6
889,1.0,13.0,crime,A171RZ3O028XF6
890,1.0,4.0,evidence,A171RZ3O028XF6
891,1.0,6.0,crime,A171RZ3O028XF6
892,1.0,3.0,evidence,A171RZ3O028XF6
893,1.0,4.0,evidence,A2S37P50AYCUYV
894,1.0,17.0,evidence,A2S37P50AYCUYV
895,1.0,14.0,evidence,A2S37P50AYCUYV
896,1.0,19.0,crime,A2S37P50AYCUYV
897,1.0,15.0,crime,A2S37P50AYCUYV
898,1.0,13.0,crime,A2S37P50AYCUYV
899,1.0,19.0,crime,A2WSSRWT4ZBHK3
900,0.0,15.0,evidence,A2WSSRWT4ZBHK3
901,1.0,23.0,crime,A2WSSRWT4ZBHK3
902,1.0,11.0,crime,A2WSSRWT4ZBHK3
903,1.0,26.0,evidence,A2WSSRWT4ZBHK3
904,1.0,1.0,evidence,A2WSSRWT4ZBHK3
905,0.0,15.0,evidence,A32LHQYJY0ELFS
906,1.0,23.0,evidence,A32LHQYJY0ELFS
907,1.0,27.0,evidence,A32LHQYJY0ELFS
908,1.0,8.0,crime,A32LHQYJY0ELFS
909,1.0,5.0,crime,A32LHQYJY0ELFS
910,1.0,10.0,crime,A32LHQYJY0ELFS
911,1.0,13.0,evidence,ACZK4PTILUFAP
912,1.0,9.0,crime,ACZK4PTILUFAP
913,0.0,30.0,crime,ACZK4PTILUFAP
914,1.0,19.0,crime,ACZK4PTILUFAP
915,0.0,1.0,evidence,ACZK4PTILUFAP
916,1.0,8.0,evidence,ACZK4PTILUFAP
917,0.0,15.0,crime,A2QMHQXR8K4VJ2
918,0.0,4.0,crime,A2QMHQXR8K4VJ2
919,1.0,3.0,evidence,A2QMHQXR8K4VJ2
920,0.0,1.0,evidence,A2QMHQXR8K4VJ2
921,0.0,29.0,evidence,A2YA1ZM1V760Q1
922,0.0,8.0,evidence,A2YA1ZM1V760Q1
923,1.0,5.0,evidence,A2YA1ZM1V760Q1
924,1.0,15.0,crime,A2YA1ZM1V760Q1
925,1.0,23.0,crime,A2YA1ZM1V760Q1
926,1.0,4.0,crime,A2YA1ZM1V760Q1
927,1.0,31.0,evidence,A3EUGO4VR2N4G1
928,1.0,29.0,crime,A3EUGO4VR2N4G1
929,1.0,8.0,evidence,A3EUGO4VR2N4G1
930,1.0,19.0,crime,A3EUGO4VR2N4G1
931,1.0,3.0,crime,A3EUGO4VR2N4G1
932,1.0,23.0,evidence,A3EUGO4VR2N4G1
933,1.0,14.0,evidence,A1NLW5ZS2WQR35
934,1.0,31.0,crime,A1NLW5ZS2WQR35
935,1.0,4.0,evidence,A1NLW5ZS2WQR35
936,1.0,20.0,crime,A1NLW5ZS2WQR35
937,1.0,8.0,evidence,A1NLW5ZS2WQR35
938,1.0,28.0,crime,A1NLW5ZS2WQR35
939,0.0,28.0,evidence,A7FDA428ADXXP
940,0.0,6.0,crime,A7FDA428ADXXP
941,1.0,12.0,crime,A59L67EZKMC3V
942,1.0,24.0,evidence,A59L67EZKMC3V
943,1.0,23.0,evidence,A59L67EZKMC3V
944,1.0,16.0,crime,A59L67EZKMC3V
945,1.0,27.0,evidence,A59L67EZKMC3V
946,1.0,15.0,crime,A59L67EZKMC3V
947,1.0,25.0,evidence,ABZD7CRM46SN
948,1.0,2.0,evidence,ABZD7CRM46SN
949,1.0,7.0,crime,ABZD7CRM46SN
950,1.0,26.0,crime,ABZD7CRM46SN
951,1.0,27.0,crime,ABZD7CRM46SN
952,1.0,8.0,evidence,ABZD7CRM46SN
953,1.0,13.0,crime,A24LB89P1BPKKF
954,1.0,7.0,evidence,A24LB89P1BPKKF
955,1.0,3.0,crime,A24LB89P1BPKKF
956,1.0,20.0,crime,A3FMBSTZ3ZGSV1
957,0.0,13.0,evidence,A3FMBSTZ3ZGSV1
958,0.0,2.0,evidence,A3FMBSTZ3ZGSV1
959,0.0,3.0,crime,A3FMBSTZ3ZGSV1
960,1.0,11.0,crime,A20NITCOBY4775
961,1.0,3.0,crime,A20NITCOBY4775
962,1.0,9.0,evidence,A20NITCOBY4775
963,1.0,2.0,evidence,A20NITCOBY4775
964,1.0,4.0,evidence,A20NITCOBY4775
965,1.0,26.0,crime,A20NITCOBY4775
966,1.0,6.0,crime,AHUO072N55J8H
967,1.0,11.0,crime,AHUO072N55J8H
968,1.0,26.0,evidence,AHUO072N55J8H
969,1.0,16.0,evidence,AHUO072N55J8H
970,1.0,13.0,evidence,AHUO072N55J8H
971,1.0,8.0,crime,AHUO072N55J8H
972,0.0,5.0,evidence,A3JUAU2JL5OZ8D
973,1.0,28.0,crime,A3JUAU2JL5OZ8D
974,1.0,20.0,evidence,A3JUAU2JL5OZ8D
975,1.0,24.0,crime,A3JUAU2JL5OZ8D
976,1.0,23.0,crime,A3JUAU2JL5OZ8D
977,1.0,29.0,evidence,A3JUAU2JL5OZ8D
978,0.0,8.0,evidence,A1XWTAY2OMLG3I
979,0.0,20.0,crime,A1XWTAY2OMLG3I
980,1.0,7.0,evidence,A1XWTAY2OMLG3I
981,0.0,12.0,crime,A1XWTAY2OMLG3I
982,1.0,4.0,crime,A2I389NPJOZMLT
983,1.0,9.0,evidence,A2I389NPJOZMLT
984,0.0,16.0,crime,A2I389NPJOZMLT
985,0.0,20.0,crime,A2I389NPJOZMLT
986,0.0,19.0,evidence,A2I389NPJOZMLT
987,0.0,14.0,crime,A2GRH14COB37I5
988,0.0,27.0,crime,A2GRH14COB37I5
989,1.0,11.0,evidence,A2GRH14COB37I5
990,1.0,24.0,evidence,A2GRH14COB37I5
991,0.0,6.0,evidence,A2GRH14COB37I5
992,1.0,22.0,evidence,AJAAQZMWCJO2X
993,0.0,30.0,evidence,AJAAQZMWCJO2X
994,1.0,11.0,crime,AJAAQZMWCJO2X
995,0.0,26.0,evidence,AIL483ULDFJ6V
996,0.0,9.0,evidence,AIL483ULDFJ6V
997,0.0,8.0,crime,AIL483ULDFJ6V
998,0.0,19.0,crime,AWVL6H3C9WL5X
999,0.0,24.0,crime,AWVL6H3C9WL5X
1000,1.0,27.0,evidence,AWVL6H3C9WL5X
1001,1.0,11.0,evidence,AWVL6H3C9WL5X
1002,0.0,22.0,evidence,AWVL6H3C9WL5X
1003,1.0,26.0,crime,APY7Y08CHOZDP
1004,1.0,5.0,evidence,APY7Y08CHOZDP
1005,1.0,3.0,crime,APY7Y08CHOZDP
1006,0.0,7.0,evidence,APY7Y08CHOZDP
1007,1.0,17.0,crime,APY7Y08CHOZDP
1008,1.0,29.0,evidence,APY7Y08CHOZDP
1009,1.0,15.0,crime,A1TM6E8F7B9RLM
1010,0.0,31.0,crime,A1TM6E8F7B9RLM
1011,0.0,6.0,crime,A37GN2WIEMKT2W
1012,0.0,20.0,evidence,ATWH33XQ93WMF
1013,0.0,13.0,crime,ATWH33XQ93WMF
1014,0.0,22.0,evidence,ATWH33XQ93WMF
1015,0.0,29.0,evidence,A3KWTFT5HBU6AC
1016,1.0,2.0,crime,A2NS7RIEOFZTE5
1017,1.0,7.0,evidence,A2NS7RIEOFZTE5
1018,1.0,17.0,evidence,A2NS7RIEOFZTE5
1019,1.0,31.0,evidence,A2NS7RIEOFZTE5
1020,1.0,3.0,crime,A2NS7RIEOFZTE5
1021,1.0,18.0,crime,A2NS7RIEOFZTE5
1022,1.0,17.0,evidence,AUISC3PLSEX8R
1023,1.0,26.0,evidence,AUISC3PLSEX8R
1024,1.0,16.0,crime,AUISC3PLSEX8R
1025,1.0,25.0,crime,AUISC3PLSEX8R
1026,1.0,5.0,evidence,AUISC3PLSEX8R
1027,1.0,13.0,crime,AUISC3PLSEX8R
1028,1.0,9.0,crime,A5Z8X8LG5GFDW
1029,0.0,20.0,evidence,A5Z8X8LG5GFDW
1030,1.0,26.0,crime,A5Z8X8LG5GFDW
1031,0.0,10.0,evidence,A5Z8X8LG5GFDW
1032,1.0,18.0,crime,A5Z8X8LG5GFDW
1033,1.0,22.0,crime,A21WQDCNWUZGZD
1034,0.0,21.0,crime,A21WQDCNWUZGZD
1035,0.0,9.0,crime,A21WQDCNWUZGZD
1036,0.0,27.0,evidence,A21WQDCNWUZGZD
1037,1.0,25.0,crime,AVCOBHDVXZOZL
1038,0.0,13.0,evidence,AVCOBHDVXZOZL
1039,1.0,31.0,crime,AVCOBHDVXZOZL
1040,1.0,30.0,evidence,AVCOBHDVXZOZL
1041,1.0,29.0,evidence,AVCOBHDVXZOZL
1042,1.0,14.0,crime,AVCOBHDVXZOZL
1043,0.0,6.0,crime,A3J29PSJGVCFJW
1044,1.0,24.0,evidence,A3J29PSJGVCFJW
1045,0.0,22.0,crime,A3J29PSJGVCFJW
1046,0.0,10.0,evidence,A3J29PSJGVCFJW
1047,1.0,23.0,evidence,A2BABNE11OM5GW
1048,1.0,19.0,crime,A2BABNE11OM5GW
1049,1.0,17.0,crime,A2BABNE11OM5GW
1050,1.0,2.0,evidence,A2BABNE11OM5GW
1051,1.0,15.0,crime,A2BABNE11OM5GW
1052,1.0,6.0,evidence,A2BABNE11OM5GW
1053,1.0,1.0,evidence,A2CLPLB5VJJBTG
1054,1.0,28.0,evidence,A2CLPLB5VJJBTG
1055,1.0,14.0,evidence,A2CLPLB5VJJBTG
1056,1.0,24.0,crime,A2CLPLB5VJJBTG
1057,1.0,6.0,crime,A2CLPLB5VJJBTG
1058,1.0,2.0,crime,A2CLPLB5VJJBTG
1059,1.0,25.0,crime,ABXZMO2M0R04Z
1060,1.0,28.0,crime,ABXZMO2M0R04Z
1061,1.0,17.0,crime,ABXZMO2M0R04Z
1062,1.0,27.0,evidence,ABXZMO2M0R04Z
1063,1.0,30.0,evidence,ABXZMO2M0R04Z
1064,1.0,10.0,evidence,ABXZMO2M0R04Z
1065,1.0,15.0,evidence,A2XRYF0L5ACD2E
1066,1.0,4.0,crime,A2XRYF0L5ACD2E
1067,1.0,6.0,crime,A2XRYF0L5ACD2E
1068,1.0,10.0,evidence,A2XRYF0L5ACD2E
1069,1.0,7.0,evidence,A2XRYF0L5ACD2E
1070,1.0,3.0,crime,A2XRYF0L5ACD2E
1071,1.0,17.0,evidence,A3CWEIEY3TGJFX
1072,1.0,3.0,crime,A3CWEIEY3TGJFX
1073,1.0,16.0,crime,A3CWEIEY3TGJFX
1074,1.0,27.0,crime,A3CWEIEY3TGJFX
1075,1.0,22.0,evidence,A3CWEIEY3TGJFX
1076,1.0,4.0,evidence,A3CWEIEY3TGJFX
1077,1.0,23.0,evidence,AWN1PEZWRQSQ9
1078,1.0,13.0,crime,AWN1PEZWRQSQ9
1079,1.0,30.0,evidence,AWN1PEZWRQSQ9
1080,1.0,11.0,evidence,AWN1PEZWRQSQ9
1081,1.0,19.0,crime,AWN1PEZWRQSQ9
1082,1.0,29.0,crime,AWN1PEZWRQSQ9
1083,1.0,12.0,crime,A39KUEDR8ZS1CF
1084,0.0,25.0,evidence,A39KUEDR8ZS1CF
1085,0.0,21.0,evidence,A1406RT7A3SK91
1086,0.0,27.0,crime,A8Q4TM2CJ7MN
1087,0.0,18.0,evidence,A8Q4TM2CJ7MN
1088,1.0,21.0,crime,A8Q4TM2CJ7MN
1089,0.0,7.0,evidence,A8Q4TM2CJ7MN
1090,1.0,7.0,crime,A2S591ZMEWMA5C
1091,0.0,30.0,evidence,A2S591ZMEWMA5C
1092,0.0,12.0,crime,A2S591ZMEWMA5C
1093,0.0,24.0,evidence,A1RO7YVP0K6U6D
1094,0.0,20.0,evidence,A1RO7YVP0K6U6D
1095,0.0,1.0,evidence,A1RO7YVP0K6U6D
1096,1.0,10.0,evidence,A1RATFICCKLCQ
1097,1.0,20.0,crime,A1RATFICCKLCQ
1098,1.0,15.0,evidence,A1RATFICCKLCQ
1099,1.0,6.0,crime,A1RATFICCKLCQ
1100,1.0,12.0,evidence,A1RATFICCKLCQ
1101,1.0,16.0,crime,A1RATFICCKLCQ
1102,1.0,22.0,evidence,A1V0JTFQA3X0HZ
1103,1.0,15.0,crime,A1V0JTFQA3X0HZ
1104,1.0,3.0,crime,A1V0JTFQA3X0HZ
1105,1.0,2.0,evidence,A1V0JTFQA3X0HZ
1106,1.0,14.0,crime,A1V0JTFQA3X0HZ
1107,1.0,5.0,evidence,A1V0JTFQA3X0HZ
1108,0.0,26.0,crime,A2M1FXXTVBKF9E
1109,0.0,22.0,evidence,A2M1FXXTVBKF9E
1110,1.0,8.0,evidence,A2M1FXXTVBKF9E
1111,0.0,21.0,crime,A2M1FXXTVBKF9E
1112,1.0,13.0,crime,A3FQYXSF2OBFQI
1113,1.0,22.0,crime,A3FQYXSF2OBFQI
1114,1.0,24.0,evidence,A3FQYXSF2OBFQI
1115,1.0,21.0,evidence,A3FQYXSF2OBFQI
1116,1.0,15.0,crime,A3FQYXSF2OBFQI
1117,0.0,14.0,evidence,A3FQYXSF2OBFQI
1118,1.0,19.0,crime,A3DKLZQ9T353MH
1119,1.0,14.0,crime,A3DKLZQ9T353MH
1120,1.0,18.0,evidence,A3DKLZQ9T353MH
1121,1.0,23.0,crime,A3DKLZQ9T353MH
1122,1.0,15.0,evidence,A3DKLZQ9T353MH
1123,1.0,13.0,evidence,A3DKLZQ9T353MH
1124,1.0,31.0,evidence,A1HFPDHBLO6KZW
1125,1.0,24.0,crime,A1HFPDHBLO6KZW
1126,1.0,15.0,crime,A1HFPDHBLO6KZW
1127,0.0,17.0,evidence,A1HFPDHBLO6KZW
1128,0.0,6.0,crime,A1HFPDHBLO6KZW
1129,1.0,22.0,crime,AO2MNZUGWB5W9
1130,1.0,5.0,evidence,AO2MNZUGWB5W9
1131,1.0,30.0,evidence,AO2MNZUGWB5W9
1132,1.0,12.0,evidence,AO2MNZUGWB5W9
1133,1.0,7.0,crime,AO2MNZUGWB5W9
1134,1.0,18.0,crime,AO2MNZUGWB5W9
1135,0.0,13.0,crime,A12MTH3JNWYR3L
1136,0.0,8.0,evidence,A12MTH3JNWYR3L
1137,0.0,4.0,evidence,A12MTH3JNWYR3L
1138,0.0,14.0,evidence,AEZ5D36YGGGT8
1139,1.0,29.0,crime,AEZ5D36YGGGT8
1140,1.0,1.0,crime,AEZ5D36YGGGT8
1141,0.0,24.0,evidence,AEZ5D36YGGGT8
1142,0.0,15.0,evidence,AEZ5D36YGGGT8
1143,1.0,3.0,evidence,A1990TO0WOKE75
1144,1.0,21.0,evidence,A1990TO0WOKE75
1145,1.0,15.0,crime,A1990TO0WOKE75
1146,1.0,25.0,crime,A1990TO0WOKE75
1147,1.0,1.0,crime,A3KF6OE5PDE94V
1148,1.0,26.0,crime,A3KF6OE5PDE94V
1149,1.0,14.0,evidence,A3KF6OE5PDE94V
1150,1.0,10.0,crime,A3KF6OE5PDE94V
1151,1.0,19.0,evidence,A3KF6OE5PDE94V
1152,0.0,8.0,evidence,A3KF6OE5PDE94V
1153,0.0,11.0,crime,A8CVPOVEJH868
1154,0.0,3.0,crime,A8CVPOVEJH868
1155,1.0,9.0,evidence,A22PDMDLIXXJ95
1156,1.0,15.0,crime,A22PDMDLIXXJ95
1157,1.0,7.0,evidence,A22PDMDLIXXJ95
1158,1.0,16.0,evidence,A22PDMDLIXXJ95
1159,0.0,13.0,crime,A1RBLG0D9IB7VD
1160,1.0,11.0,crime,A1RBLG0D9IB7VD
1161,0.0,24.0,evidence,A1RBLG0D9IB7VD
1162,0.0,7.0,evidence,A1RBLG0D9IB7VD
1163,1.0,19.0,evidence,AGBCI77TO20G7
1164,0.0,29.0,crime,AGBCI77TO20G7
1165,0.0,5.0,evidence,AGBCI77TO20G7
1166,0.0,3.0,evidence,AGBCI77TO20G7
1167,1.0,26.0,evidence,AFTGNHJ5615CV
1168,1.0,4.0,crime,AFTGNHJ5615CV
1169,1.0,28.0,crime,AFTGNHJ5615CV
1170,1.0,18.0,evidence,A10GAT1S9UVEYQ
1171,1.0,17.0,evidence,A10GAT1S9UVEYQ
1172,0.0,18.0,evidence,A3EHI7J2E5DSJK
1173,1.0,21.0,crime,A3RASHUE40BP0Q
1174,1.0,15.0,crime,A3RASHUE40BP0Q
1175,0.0,24.0,evidence,A3RASHUE40BP0Q
1176,1.0,22.0,evidence,A3RASHUE40BP0Q
1177,0.0,14.0,evidence,A3RASHUE40BP0Q
1178,1.0,23.0,crime,A3RASHUE40BP0Q
1179,0.0,2.0,crime,A1TPEXXWC2HYZQ
1180,1.0,27.0,evidence,A1TPEXXWC2HYZQ
1181,1.0,18.0,evidence,A29V2XPA9H2NAN
1182,1.0,4.0,crime,A29V2XPA9H2NAN
1183,1.0,19.0,evidence,A29V2XPA9H2NAN
1184,1.0,1.0,evidence,A29V2XPA9H2NAN
1185,1.0,26.0,crime,A29V2XPA9H2NAN
1186,1.0,16.0,crime,A29V2XPA9H2NAN
1187,0.0,30.0,crime,wtftest
1188,0.0,17.0,evidence,A1XAC6638IP35C
1189,0.0,5.0,crime,A1XAC6638IP35C
1190,0.0,8.0,evidence,A1XAC6638IP35C
1191,1.0,12.0,evidence,A1M8158Q3WJ7LP
1192,0.0,31.0,crime,A1M8158Q3WJ7LP
1193,0.0,17.0,evidence,A1M8158Q3WJ7LP
1194,0.0,19.0,evidence,A1M8158Q3WJ7LP
1195,0.0,21.0,crime,AKB4MS8S9BHU7
1196,0.0,9.0,evidence,AKB4MS8S9BHU7
1197,1.0,25.0,crime,AKB4MS8S9BHU7
1198,1.0,12.0,crime,A1T643M1P572AA
1199,1.0,11.0,crime,A1T643M1P572AA
1200,1.0,18.0,evidence,A1T643M1P572AA
1201,1.0,3.0,crime,A1T643M1P572AA
1202,1.0,27.0,evidence,A1T643M1P572AA
1203,1.0,24.0,evidence,A1T643M1P572AA
1204,0.0,30.0,crime,AMI1LU94CNL2J
1205,1.0,5.0,evidence,AMI1LU94CNL2J
1206,1.0,9.0,crime,AMI1LU94CNL2J
1207,0.0,6.0,evidence,AMI1LU94CNL2J
1208,1.0,16.0,crime,AMI1LU94CNL2J
1209,0.0,25.0,evidence,AMI1LU94CNL2J
1210,0.0,20.0,evidence,A32JYGKHS11I6Q
1211,1.0,25.0,crime,A32JYGKHS11I6Q
1212,0.0,2.0,crime,A32JYGKHS11I6Q
1213,1.0,12.0,evidence,A32JYGKHS11I6Q
1214,0.0,11.0,crime,A32JYGKHS11I6Q
1215,1.0,25.0,evidence,A3QOMMIZTW0XF1
1216,0.0,30.0,evidence,A3QOMMIZTW0XF1
1217,1.0,27.0,evidence,A12O9P1OTMJOPW
1218,1.0,1.0,evidence,A12O9P1OTMJOPW
1219,1.0,20.0,crime,A12O9P1OTMJOPW
1220,1.0,31.0,crime,A12O9P1OTMJOPW
1221,1.0,28.0,crime,A12O9P1OTMJOPW
1222,1.0,10.0,evidence,A12O9P1OTMJOPW
1223,1.0,22.0,evidence,A2G7DTL156PTKA
1224,1.0,17.0,crime,A2G7DTL156PTKA
1225,1.0,18.0,crime,A2G7DTL156PTKA
1226,0.0,15.0,evidence,A37JSOJH9695SM
1227,1.0,12.0,evidence,A37JSOJH9695SM
1228,0.0,5.0,evidence,A37JSOJH9695SM
1229,1.0,3.0,evidence,A3SL5QRF7MX2P1
1230,1.0,11.0,crime,A3SL5QRF7MX2P1
1231,1.0,25.0,crime,A3SL5QRF7MX2P1
1232,1.0,2.0,crime,A3SL5QRF7MX2P1
1233,1.0,6.0,evidence,A3SL5QRF7MX2P1
1234,1.0,14.0,evidence,A3SL5QRF7MX2P1
1235,1.0,20.0,crime,A363NKR14886XG
1236,1.0,5.0,evidence,A363NKR14886XG
1237,1.0,13.0,evidence,A363NKR14886XG
1238,1.0,10.0,evidence,A363NKR14886XG
1239,1.0,29.0,crime,A363NKR14886XG
1240,1.0,18.0,crime,A363NKR14886XG
1241,1.0,9.0,evidence,AYH5S2NOTSFKR
1242,1.0,31.0,evidence,AYH5S2NOTSFKR
1243,1.0,23.0,crime,AYH5S2NOTSFKR
1244,1.0,28.0,crime,AYH5S2NOTSFKR
1245,1.0,2.0,crime,AYH5S2NOTSFKR
1246,1.0,30.0,evidence,AYH5S2NOTSFKR
1247,1.0,10.0,evidence,A3VG2LUKQLXCBL
1248,1.0,6.0,evidence,A3VG2LUKQLXCBL
1249,1.0,15.0,crime,A3VG2LUKQLXCBL
1250,1.0,9.0,crime,A3VG2LUKQLXCBL
1251,1.0,28.0,crime,A3VG2LUKQLXCBL
1252,1.0,1.0,evidence,A3VG2LUKQLXCBL
1253,1.0,23.0,evidence,A28TXHXPVNZ0KN
1254,1.0,7.0,evidence,A8XSKOAT2R8BW
1255,1.0,17.0,crime,A8XSKOAT2R8BW
1256,0.0,5.0,crime,A8XSKOAT2R8BW
1257,0.0,27.0,evidence,A8XSKOAT2R8BW
1258,0.0,6.0,evidence,A367RPWM0FPY5K
1259,0.0,5.0,crime,A367RPWM0FPY5K
1260,0.0,7.0,crime,A367RPWM0FPY5K
1261,0.0,31.0,crime,A1F2QH2LX69A2D
1262,1.0,4.0,crime,A1F2QH2LX69A2D
1263,0.0,26.0,evidence,A1F2QH2LX69A2D
1264,0.0,8.0,evidence,A1F2QH2LX69A2D
1265,0.0,12.0,crime,A2WNEHZO8NCDSM
1266,1.0,22.0,evidence,A2WNEHZO8NCDSM
1267,0.0,14.0,evidence,A2WNEHZO8NCDSM
1268,0.0,20.0,crime,A3HQJM4EQ9WQ5L
1269,0.0,31.0,evidence,A3HQJM4EQ9WQ5L
1270,0.0,23.0,crime,A3HQJM4EQ9WQ5L
1271,1.0,3.0,evidence,A11MCPY8W4U6FL
1272,1.0,16.0,crime,A11MCPY8W4U6FL
1273,1.0,26.0,evidence,A11MCPY8W4U6FL
1274,1.0,7.0,crime,A11MCPY8W4U6FL
1275,1.0,5.0,crime,A11MCPY8W4U6FL
1276,1.0,23.0,evidence,A11MCPY8W4U6FL
1277,0.0,30.0,evidence,A1L1NNFVKS3G8T
1278,0.0,15.0,crime,A1L1NNFVKS3G8T
1279,1.0,12.0,crime,A1L1NNFVKS3G8T
1280,1.0,7.0,crime,A1L1NNFVKS3G8T
1281,1.0,19.0,evidence,A1L1NNFVKS3G8T
1282,1.0,20.0,evidence,A1L1NNFVKS3G8T
1283,1.0,25.0,evidence,A3AQIQ6S2KJFFM
1284,1.0,3.0,crime,A3AQIQ6S2KJFFM
1285,1.0,10.0,crime,A3AQIQ6S2KJFFM
1286,0.0,15.0,evidence,A3AQIQ6S2KJFFM
1287,1.0,5.0,crime,A3AQIQ6S2KJFFM
1288,1.0,22.0,evidence,A3AQIQ6S2KJFFM
1289,1.0,12.0,evidence,A1KN6VG14MOP2V
1290,1.0,25.0,crime,A1KN6VG14MOP2V
1291,0.0,9.0,evidence,A1KN6VG14MOP2V
1292,1.0,14.0,crime,A1KN6VG14MOP2V
1293,0.0,30.0,crime,A1KN6VG14MOP2V
1294,0.0,7.0,evidence,A1KN6VG14MOP2V
1295,0.0,2.0,evidence,A3KL7XSJ2PO5IR
1296,0.0,4.0,evidence,A3KL7XSJ2PO5IR
1297,1.0,11.0,evidence,A3KL7XSJ2PO5IR
1298,0.0,7.0,crime,A3KL7XSJ2PO5IR
1299,0.0,15.0,crime,A384PHWUJIWDHH
1300,0.0,12.0,crime,A384PHWUJIWDHH
1301,0.0,14.0,crime,A384PHWUJIWDHH
1302,0.0,13.0,crime,AAQGL7BD4ADZF
1303,0.0,11.0,crime,AAQGL7BD4ADZF
1304,1.0,31.0,evidence,AAQGL7BD4ADZF
1305,0.0,21.0,evidence,AAQGL7BD4ADZF
1306,1.0,13.0,evidence,A3UGKUPZZKZH7P
1307,1.0,30.0,crime,A3UGKUPZZKZH7P
1308,0.0,9.0,evidence,A3UGKUPZZKZH7P
1309,0.0,1.0,crime,A3UGKUPZZKZH7P
1310,0.0,6.0,crime,A3UGKUPZZKZH7P
1311,1.0,24.0,crime,A3K8WQICXRO3F8
1312,0.0,15.0,evidence,A3K8WQICXRO3F8
1313,0.0,14.0,evidence,A3K8WQICXRO3F8
1314,1.0,20.0,crime,A3K8WQICXRO3F8
1315,0.0,25.0,crime,A3K8WQICXRO3F8
1316,1.0,29.0,crime,A29S4ARYUF2KJ7
1317,0.0,12.0,evidence,A29S4ARYUF2KJ7
1318,0.0,24.0,crime,A29S4ARYUF2KJ7
1319,0.0,4.0,crime,A29S4ARYUF2KJ7
1320,0.0,2.0,evidence,A1BWBRUYQE7KWU
1321,1.0,9.0,crime,A1BWBRUYQE7KWU
1322,1.0,14.0,evidence,A1BWBRUYQE7KWU
1323,1.0,7.0,crime,A1BWBRUYQE7KWU
1324,0.0,6.0,crime,A1BWBRUYQE7KWU
1325,1.0,24.0,evidence,A1BWBRUYQE7KWU
1326,0.0,28.0,evidence,AW2BWNPR4W86S
1327,0.0,7.0,crime,AW2BWNPR4W86S
1328,0.0,25.0,crime,AW2BWNPR4W86S
1329,0.0,7.0,crime,A1EFXVQX0ATC4C
1330,0.0,31.0,evidence,A1EFXVQX0ATC4C
1331,0.0,13.0,crime,A1EFXVQX0ATC4C
1332,0.0,14.0,evidence,A1LBMEX3V3KTYZ
1333,0.0,9.0,crime,A1LBMEX3V3KTYZ
1334,0.0,3.0,evidence,A1LBMEX3V3KTYZ
1335,0.0,16.0,evidence,A16ZMJTFZNK8LI
1336,0.0,7.0,crime,A16ZMJTFZNK8LI
1337,0.0,14.0,crime,A16ZMJTFZNK8LI
1338,1.0,5.0,evidence,A3DFZQAOZ0NK2Q
1339,1.0,22.0,evidence,A3DFZQAOZ0NK2Q
1340,1.0,12.0,crime,A3DFZQAOZ0NK2Q
1341,1.0,24.0,crime,A3DFZQAOZ0NK2Q
1342,1.0,20.0,crime,A3DFZQAOZ0NK2Q
1343,1.0,27.0,evidence,A3DFZQAOZ0NK2Q
1344,0.0,3.0,evidence,AQLPS070VCJ5K
1345,0.0,4.0,evidence,AQLPS070VCJ5K
1346,0.0,10.0,evidence,AQLPS070VCJ5K
1347,0.0,16.0,evidence,A3M3IZT0X7IZMH
1348,1.0,17.0,crime,ATTGYYVWOI5QC
1349,1.0,12.0,crime,ATTGYYVWOI5QC
1350,1.0,5.0,evidence,ATTGYYVWOI5QC
1351,1.0,18.0,evidence,ATTGYYVWOI5QC
1352,0.0,11.0,crime,ATTGYYVWOI5QC
1353,0.0,26.0,evidence,ATTGYYVWOI5QC
1354,0.0,19.0,crime,A3J2875P6N7IZ3
1355,1.0,13.0,evidence,A3J2875P6N7IZ3
1356,1.0,2.0,evidence,A3J2875P6N7IZ3
1357,0.0,10.0,crime,A3J2875P6N7IZ3
1358,0.0,25.0,crime,A3J2875P6N7IZ3
1359,0.0,14.0,evidence,A1FP7W1VQF68M5
1360,0.0,8.0,evidence,A1FP7W1VQF68M5
1361,0.0,19.0,evidence,A1FP7W1VQF68M5
1362,0.0,8.0,evidence,A21WYUEYXMVW81
1363,1.0,19.0,crime,A21WYUEYXMVW81
1364,1.0,11.0,crime,A21WYUEYXMVW81
1365,0.0,31.0,evidence,A21WYUEYXMVW81
1366,1.0,16.0,evidence,A21WYUEYXMVW81
1367,1.0,22.0,crime,A21WYUEYXMVW81
1368,1.0,30.0,crime,AZ0TQA0JIT0EV
1369,0.0,16.0,evidence,AZ0TQA0JIT0EV
1370,0.0,2.0,crime,AZ0TQA0JIT0EV
1371,0.0,26.0,evidence,AZ0TQA0JIT0EV
1372,0.0,25.0,evidence,AF059F576P7FC
1373,1.0,12.0,evidence,A264ZZ6XZVJMGF
1374,1.0,1.0,crime,A264ZZ6XZVJMGF
1375,1.0,16.0,evidence,A264ZZ6XZVJMGF
1376,1.0,26.0,evidence,A264ZZ6XZVJMGF
1377,1.0,3.0,crime,A264ZZ6XZVJMGF
1378,1.0,15.0,crime,A264ZZ6XZVJMGF
1379,1.0,4.0,evidence,A1NRH6XSR338XM
1380,1.0,30.0,crime,A1NRH6XSR338XM
1381,0.0,15.0,crime,A20MWNCEZ6RAXV
1382,0.0,14.0,evidence,A20MWNCEZ6RAXV
1383,0.0,25.0,evidence,A20MWNCEZ6RAXV
1384,0.0,25.0,crime,A314ERJIHRSDY7
1385,0.0,30.0,evidence,A314ERJIHRSDY7
1386,0.0,20.0,evidence,A314ERJIHRSDY7
1387,1.0,11.0,evidence,A2VRDE2FHCBMF8
1388,0.0,28.0,evidence,A1ELCU95XTLLS
1389,0.0,29.0,evidence,A1ELCU95XTLLS
1390,1.0,5.0,crime,A1ELCU95XTLLS
1391,0.0,3.0,crime,A1ELCU95XTLLS
1392,1.0,7.0,evidence,AV7UX8QQXABSK
1393,1.0,11.0,crime,AV7UX8QQXABSK
1394,1.0,13.0,crime,AV7UX8QQXABSK
1395,0.0,22.0,evidence,AV7UX8QQXABSK
1396,0.0,13.0,crime,A1ONTPD4RQHVYK
1397,1.0,27.0,evidence,A1ONTPD4RQHVYK
1398,1.0,2.0,crime,A1ONTPD4RQHVYK
1399,1.0,4.0,crime,A2287HLNN9EZ56
1400,1.0,17.0,crime,A2287HLNN9EZ56
1401,1.0,23.0,evidence,A2287HLNN9EZ56
1402,1.0,28.0,crime,A2XQ3P6M9NZNYB
1403,1.0,10.0,evidence,A2XQ3P6M9NZNYB
1404,1.0,31.0,evidence,ANJJQV9EY4QQ4
1405,1.0,21.0,crime,ANJJQV9EY4QQ4
1406,1.0,18.0,evidence,ANJJQV9EY4QQ4
1407,1.0,8.0,crime,ANJJQV9EY4QQ4
1408,1.0,5.0,crime,ANJJQV9EY4QQ4
1409,1.0,9.0,evidence,A18E16UFE351U6
1410,1.0,5.0,crime,A18E16UFE351U6
1411,1.0,19.0,crime,A18E16UFE351U6
1412,1.0,7.0,crime,A18E16UFE351U6
1413,1.0,25.0,evidence,A18E16UFE351U6
1414,1.0,6.0,evidence,A18E16UFE351U6
1415,1.0,12.0,crime,A3VP27UUQ34OXK
1416,1.0,18.0,crime,A3VP27UUQ34OXK
1417,1.0,27.0,evidence,A3VP27UUQ34OXK
1418,1.0,4.0,evidence,A3VP27UUQ34OXK
1419,1.0,22.0,evidence,A3VP27UUQ34OXK
1420,1.0,9.0,crime,A3VP27UUQ34OXK
1421,1.0,19.0,crime,A2FC6G4YCZPSRG
1422,1.0,28.0,crime,A2FC6G4YCZPSRG
1423,0.0,6.0,crime,A2FC6G4YCZPSRG
1424,0.0,30.0,evidence,A2FC6G4YCZPSRG
1425,0.0,11.0,evidence,A2FC6G4YCZPSRG
1426,1.0,15.0,crime,A1VQFUGRQSGGMF
1427,1.0,9.0,crime,A1VQFUGRQSGGMF
1428,1.0,13.0,evidence,A1VQFUGRQSGGMF
1429,1.0,6.0,crime,A1VQFUGRQSGGMF
1430,0.0,1.0,evidence,A1VQFUGRQSGGMF
1431,1.0,11.0,evidence,A1VQFUGRQSGGMF
1432,1.0,5.0,crime,577JUCSLR82
1433,0.0,8.0,evidence,577JUCSLR82
1434,1.0,2.0,evidence,577JUCSLR82
1435,1.0,18.0,crime,577JUCSLR82
1436,0.0,7.0,evidence,577JUCSLR82
1437,0.0,1.0,crime,577JUCSLR82
1438,1.0,29.0,evidence,A3E8NUUS90EWXW
1439,1.0,8.0,crime,A3E8NUUS90EWXW
1440,1.0,5.0,evidence,A3E8NUUS90EWXW
1441,1.0,21.0,crime,A3E8NUUS90EWXW
1442,1.0,9.0,crime,A3E8NUUS90EWXW
1443,0.0,14.0,evidence,A3E8NUUS90EWXW
1444,1.0,4.0,evidence,A2WF5UNBPQ13UO
1445,1.0,9.0,evidence,A2WF5UNBPQ13UO
1446,1.0,1.0,crime,A2WF5UNBPQ13UO
1447,1.0,25.0,crime,A2WF5UNBPQ13UO
1448,1.0,31.0,evidence,A2WF5UNBPQ13UO
1449,1.0,22.0,crime,A2WF5UNBPQ13UO
1450,1.0,21.0,crime,AE4WFMTKJZ4UH
1451,1.0,29.0,evidence,ATSZCAVI441RM
1452,1.0,16.0,crime,ATSZCAVI441RM
1453,1.0,8.0,crime,ATSZCAVI441RM
1454,1.0,22.0,evidence,ATSZCAVI441RM
1455,0.0,28.0,evidence,ATSZCAVI441RM
1456,1.0,6.0,evidence,A1O7WUQDKPZGH4
1457,1.0,20.0,crime,A1O7WUQDKPZGH4
1458,1.0,16.0,crime,A1O7WUQDKPZGH4
1459,0.0,13.0,evidence,A1O7WUQDKPZGH4
1460,1.0,4.0,evidence,A1O7WUQDKPZGH4
1461,1.0,14.0,crime,A1O7WUQDKPZGH4
1462,1.0,26.0,evidence,A344L1A6OU5L0M
1463,1.0,17.0,crime,A344L1A6OU5L0M
1464,1.0,4.0,crime,A344L1A6OU5L0M
1465,1.0,5.0,evidence,A344L1A6OU5L0M
1466,1.0,14.0,evidence,A344L1A6OU5L0M
1467,1.0,22.0,crime,A344L1A6OU5L0M
1468,1.0,20.0,evidence,A47JOY0WX00EH
1469,0.0,23.0,crime,A47JOY0WX00EH
1470,1.0,4.0,evidence,A47JOY0WX00EH
1471,1.0,13.0,crime,A2SB9HU5RD9QCP
1472,1.0,19.0,evidence,A2SB9HU5RD9QCP
1473,1.0,26.0,crime,A2SB9HU5RD9QCP
1474,1.0,21.0,evidence,A2SB9HU5RD9QCP
1475,1.0,31.0,evidence,A2SB9HU5RD9QCP
1476,1.0,12.0,crime,A2SB9HU5RD9QCP
1477,1.0,15.0,crime,AA06VO3XJ6KZZ
1478,1.0,11.0,crime,AA06VO3XJ6KZZ
1479,1.0,31.0,evidence,A1MCDM4BGRBWDY
1480,1.0,19.0,crime,A1MCDM4BGRBWDY
1481,1.0,1.0,evidence,A1MCDM4BGRBWDY
1482,1.0,14.0,evidence,A1MCDM4BGRBWDY
1483,1.0,15.0,crime,A1MCDM4BGRBWDY
1484,1.0,6.0,crime,A1MCDM4BGRBWDY
1485,1.0,15.0,crime,A2Y5ZQV27N0D0Z
1486,1.0,1.0,evidence,A2Y5ZQV27N0D0Z
1487,1.0,25.0,evidence,A2Y5ZQV27N0D0Z
1488,1.0,27.0,crime,A2Y5ZQV27N0D0Z
1489,0.0,28.0,evidence,A2Y5ZQV27N0D0Z
1490,1.0,17.0,crime,A2Y5ZQV27N0D0Z
1491,1.0,26.0,evidence,A7ERZELTAMWL5
1492,1.0,23.0,crime,A7ERZELTAMWL5
1493,1.0,9.0,crime,A7ERZELTAMWL5
1494,1.0,4.0,crime,A7ERZELTAMWL5
1495,0.0,15.0,evidence,A7ERZELTAMWL5
1496,0.0,28.0,evidence,A7ERZELTAMWL5
1497,1.0,22.0,evidence,A1YX741QQSMKPS
1498,1.0,5.0,crime,A1YX741QQSMKPS
1499,1.0,16.0,crime,A1YX741QQSMKPS
1500,1.0,8.0,evidence,A1YX741QQSMKPS
1501,1.0,14.0,evidence,A1YX741QQSMKPS
1502,1.0,29.0,crime,A1YX741QQSMKPS
1503,0.0,3.0,crime,AK5DYS69328G8
1504,0.0,7.0,crime,AK5DYS69328G8
1505,1.0,6.0,crime,AK5DYS69328G8
1506,0.0,20.0,evidence,AK5DYS69328G8
1507,0.0,20.0,crime,A1LQZMAUNWD6FW
1508,0.0,8.0,evidence,A1LQZMAUNWD6FW
1509,1.0,30.0,crime,A1LQZMAUNWD6FW
1510,1.0,19.0,crime,A1LQZMAUNWD6FW
1511,0.0,6.0,evidence,A2FIKTYGZDS95G
1512,1.0,8.0,crime,A2FIKTYGZDS95G
1513,1.0,20.0,crime,A2FIKTYGZDS95G
1514,0.0,3.0,evidence,A2FIKTYGZDS95G
1515,0.0,19.0,evidence,A2FIKTYGZDS95G
1516,1.0,22.0,evidence,A8D8BPNBHWZ6N
1517,1.0,29.0,crime,A8D8BPNBHWZ6N
1518,1.0,14.0,crime,A8D8BPNBHWZ6N
1519,1.0,24.0,evidence,A8D8BPNBHWZ6N
1520,1.0,30.0,crime,A8D8BPNBHWZ6N
1521,1.0,26.0,evidence,A8D8BPNBHWZ6N
1522,0.0,27.0,evidence,A1MYGLHJ4DECFU
1523,0.0,18.0,evidence,A1MYGLHJ4DECFU
1524,1.0,28.0,crime,AKL1NYIM93AKK
1525,1.0,25.0,evidence,AKL1NYIM93AKK
1526,1.0,20.0,evidence,AKL1NYIM93AKK
1527,0.0,18.0,crime,AKL1NYIM93AKK
1528,0.0,10.0,crime,AKL1NYIM93AKK
1529,1.0,25.0,crime,A2FWZR12905V6J
1530,1.0,21.0,crime,A2FWZR12905V6J
1531,1.0,28.0,crime,A2FWZR12905V6J
1532,1.0,14.0,evidence,A2FWZR12905V6J
1533,1.0,9.0,evidence,A2FWZR12905V6J
1534,1.0,11.0,evidence,A2FWZR12905V6J
1535,1.0,7.0,evidence,A1C2RQGJ35G0JT
1536,1.0,14.0,crime,A1C2RQGJ35G0JT
1537,1.0,23.0,evidence,A1C2RQGJ35G0JT
1538,1.0,25.0,crime,A1C2RQGJ35G0JT
1539,1.0,12.0,evidence,A1C2RQGJ35G0JT
1540,1.0,9.0,crime,A1C2RQGJ35G0JT
1541,1.0,5.0,evidence,A1YXQW0MNXOSRZ
1542,1.0,9.0,crime,A1YXQW0MNXOSRZ
1543,1.0,3.0,crime,A1YXQW0MNXOSRZ
1544,1.0,25.0,evidence,A1YXQW0MNXOSRZ
1545,1.0,27.0,evidence,A1YXQW0MNXOSRZ
1546,1.0,20.0,crime,A1YXQW0MNXOSRZ
1547,1.0,29.0,evidence,A2XXUORBL2OFYY
1548,1.0,12.0,crime,A2XXUORBL2OFYY
1549,1.0,9.0,crime,A2XXUORBL2OFYY
1550,1.0,5.0,crime,A2XXUORBL2OFYY
1551,1.0,3.0,evidence,A2XXUORBL2OFYY
1552,1.0,2.0,evidence,A2XXUORBL2OFYY
1553,1.0,14.0,crime,AH6ZDHCFKNC72
1554,1.0,7.0,evidence,AH6ZDHCFKNC72
1555,1.0,28.0,crime,AH6ZDHCFKNC72
1556,1.0,19.0,evidence,AH6ZDHCFKNC72
1557,1.0,4.0,evidence,AH6ZDHCFKNC72
1558,1.0,13.0,crime,AH6ZDHCFKNC72
1559,1.0,19.0,evidence,A37WDOIQH6JM6V
1560,1.0,10.0,evidence,A37WDOIQH6JM6V
1561,1.0,12.0,crime,A37WDOIQH6JM6V
1562,1.0,4.0,crime,A37WDOIQH6JM6V
1563,1.0,27.0,evidence,A37WDOIQH6JM6V
1564,1.0,7.0,crime,A37WDOIQH6JM6V
1565,1.0,15.0,crime,A3ANRGP4MFZ876
1566,1.0,29.0,crime,A3ANRGP4MFZ876
1567,0.0,11.0,evidence,A3ANRGP4MFZ876
1568,0.0,4.0,evidence,A3ANRGP4MFZ876
1569,1.0,2.0,crime,A1BQKP971LFCYL
1570,1.0,25.0,crime,A1BQKP971LFCYL
1571,0.0,29.0,evidence,A1BQKP971LFCYL
1572,1.0,9.0,crime,A1BQKP971LFCYL
1573,0.0,30.0,evidence,A1BQKP971LFCYL
1574,0.0,20.0,evidence,A1BQKP971LFCYL
1575,1.0,23.0,crime,AVQGY7FCU80XP
1576,1.0,8.0,evidence,AVQGY7FCU80XP
1577,1.0,18.0,crime,AVQGY7FCU80XP
1578,1.0,4.0,evidence,AVQGY7FCU80XP
1579,1.0,6.0,crime,AVQGY7FCU80XP
1580,1.0,24.0,evidence,AVQGY7FCU80XP
1581,1.0,28.0,evidence,AP9WIQ4P78XLH
1582,1.0,26.0,evidence,AP9WIQ4P78XLH
1583,1.0,27.0,evidence,AP9WIQ4P78XLH
1584,1.0,9.0,crime,AP9WIQ4P78XLH
1585,1.0,5.0,crime,AP9WIQ4P78XLH
1586,1.0,24.0,crime,AP9WIQ4P78XLH
1587,1.0,8.0,evidence,A1AX618BOQLX79
1588,1.0,23.0,crime,A1AX618BOQLX79
1589,1.0,3.0,evidence,A1AX618BOQLX79
1590,1.0,25.0,evidence,A1AX618BOQLX79
1591,1.0,20.0,evidence,AURYD2FH3FUOQ
1592,1.0,18.0,crime,AURYD2FH3FUOQ
1593,1.0,29.0,evidence,AURYD2FH3FUOQ
1594,1.0,2.0,crime,AURYD2FH3FUOQ
1595,1.0,23.0,crime,AURYD2FH3FUOQ
1596,1.0,28.0,evidence,AURYD2FH3FUOQ
1597,1.0,5.0,crime,A1QO9VVPEL0QV8
1598,0.0,20.0,evidence,A1QO9VVPEL0QV8
1599,0.0,29.0,evidence,A1QO9VVPEL0QV8
1600,1.0,29.0,evidence,ALML8V38FDV0
1601,1.0,22.0,crime,ALML8V38FDV0
1602,0.0,21.0,crime,ALML8V38FDV0
1603,0.0,14.0,evidence,ALML8V38FDV0
1604,1.0,15.0,evidence,ALML8V38FDV0
1605,1.0,3.0,crime,ALML8V38FDV0
1606,1.0,8.0,crime,AIFRN9GF0Q1ZI
1607,1.0,5.0,evidence,AIFRN9GF0Q1ZI
1608,1.0,4.0,evidence,AIFRN9GF0Q1ZI
1609,1.0,21.0,evidence,AIFRN9GF0Q1ZI
1610,1.0,9.0,crime,AIFRN9GF0Q1ZI
1611,1.0,30.0,crime,AIFRN9GF0Q1ZI
1612,1.0,8.0,crime,A1T4USY27Q12RS
1613,1.0,5.0,crime,A1T4USY27Q12RS
1614,1.0,16.0,crime,A1T4USY27Q12RS
1615,1.0,1.0,evidence,A1T4USY27Q12RS
1616,1.0,26.0,evidence,A1T4USY27Q12RS
1617,0.0,2.0,evidence,A1T4USY27Q12RS
1618,1.0,21.0,evidence,A2GCNSW7Q5OZ9Z
1619,1.0,17.0,crime,A2GCNSW7Q5OZ9Z
1620,1.0,26.0,evidence,A2GCNSW7Q5OZ9Z
1621,1.0,25.0,crime,A2GCNSW7Q5OZ9Z
1622,1.0,23.0,crime,A2GCNSW7Q5OZ9Z
1623,1.0,22.0,evidence,A2GCNSW7Q5OZ9Z
1624,0.0,15.0,evidence,johnisthebest@foo.bar
