,cond_evidence,cond_question,cond_rating,task,task_complete,uid,num_catch,num_correct,scenario,start
0,random,['bard'],0.0,exculpatory_rateless,0.0,sethtest,1.0,0.0,4.0,2021-02-18 23:32:12
1,inculpatory,['bard'],0.0,exculpatory_rateless,0.0,blargtest,,,1.0,2021-02-18 23:37:48
2,random,['bard'],1.0,exculpatory_rateless,0.0,test2,1.0,1.0,2.0,2021-02-19 01:35:33
3,inculpatory,['bard'],1.0,exculpatory_rateless,0.0,test3,1.0,1.0,2.0,2021-02-19 05:10:31
4,inculpatory,['bard'],0.0,exculpatory_rateless,0.0,test4,1.0,1.0,2.0,2021-02-19 05:12:10
5,inculpatory,['bard'],0.0,exculpatory_rateless,0.0,testseth,,,,
6,credible,['bard'],0.0,exculpatory_rateless,0.0,sdgfklhansjtest,,,,
7,random,['bard'],0.0,exculpatory_rateless,0.0,kjasdnkjetest,,,,
8,random,['bard'],1.0,exculpatory_rateless,0.0,dafkjghiuq3wtest,,,1.0,2021-02-19 12:52:24
9,inculpatory,['bard'],1.0,exculpatory_rateless,0.0,A2R7PDGVB16KGY,4.0,1.0,17.0,2021-02-19 18:40:22
10,inculpatory,['bard'],1.0,exculpatory_rateless,0.0,ALXW2ZXX4SJRO,,,,
11,random,['bard'],1.0,exculpatory_rateless,1.0,A1BLNCSZ7GAL4T,6.0,6.0,31.0,2021-02-19 20:02:23
12,random,['bard'],0.0,exculpatory_rateless,0.0,A1GGHWXWUUF4WC,,,2.0,2021-02-19 20:11:51
13,credible,['bard'],0.0,exculpatory_rateless,1.0,A1WSY9375NN2V3,6.0,6.0,31.0,2021-02-19 20:41:26
14,random,['bard'],0.0,exculpatory_rateless,1.0,A2S4M32VW9AP5G,6.0,5.0,31.0,2021-02-19 20:58:56
15,random,['bard'],0.0,exculpatory_rateless,1.0,AQY8URN1JQDC2,6.0,4.0,31.0,2021-02-19 21:04:26
16,inculpatory,['bard'],1.0,exculpatory_rateless,0.0,A35DEXUQBSKQWF,,,,
17,credible,['bard'],0.0,exculpatory_rateless,1.0,A1NF1XZTCVRG1V,6.0,6.0,31.0,2021-02-19 21:23:48
18,credible,['bard'],0.0,exculpatory_rateless,0.0,A15KMHNB9VMHXK,5.0,2.0,22.0,2021-02-19 22:45:01
19,credible,['bard'],0.0,exculpatory_rateless,0.0,A2STMS163OI8TB,,,,
20,inculpatory,['bard'],1.0,exculpatory_rateless,0.0,A9QK84HBU3FX3,,,1.0,2021-02-20 00:23:18
21,inculpatory,['bard'],1.0,exculpatory_rateless,1.0,A1U8RH67FLZW87,6.0,6.0,31.0,2021-02-20 00:45:15
22,inculpatory,['bard'],1.0,exculpatory_rateless,0.0,A1AIYZPEGFYMQ4,1.0,0.0,5.0,2021-02-20 00:54:49
23,inculpatory,['bard'],0.0,exculpatory_rateless,1.0,A2CY1TSQ3KKP5Q,6.0,6.0,31.0,2021-02-20 04:12:42
24,inculpatory,['bard'],1.0,exculpatory_rateless,1.0,A13FTIHWW9GE8X,6.0,6.0,31.0,2021-02-20 04:16:52
25,credible,['bard'],1.0,exculpatory_rateless,0.0,A1WT9J6TTJDLKN,6.0,3.0,28.0,2021-02-20 13:39:11
26,inculpatory,['bard'],0.0,exculpatory_rateless,0.0,A2D12AABIAHV55,4.0,1.0,17.0,2021-02-20 16:43:40
27,random,['bard'],0.0,exculpatory_rateless,0.0,A2YOLW621EFX4V,4.0,1.0,17.0,2021-02-20 16:50:30
28,random,['bard'],0.0,exculpatory_rateless,0.0,A21HUS2EI1MLUC,1.0,0.0,2.0,2021-02-20 16:56:22
29,credible,['bard'],0.0,exculpatory_rateless,1.0,A17ZTBC2843EBM,6.0,6.0,31.0,2021-02-20 19:31:46
30,inculpatory,['bard'],1.0,exculpatory_rateless,0.0,yetanothertest,,,,
31,random,['bard'],1.0,exculpatory_rateless,1.0,A23H5PTASRYHHB,6.0,6.0,31.0,2021-02-22 21:31:58
32,random,['bard'],1.0,exculpatory_rateless,0.0,A10E77ALJR6R1R,1.0,0.0,5.0,2021-02-22 21:38:51
33,random,['bard'],0.0,exculpatory_rateless,0.0,A7C9ONCFIYRSD,,,,
34,inculpatory,['bard'],0.0,exculpatory_rateless,0.0,AHKWR3I5VHBWS,2.0,0.0,7.0,2021-02-22 21:40:09
35,credible,['bard'],0.0,exculpatory_rateless,0.0,A1N0RSPRK548N2,3.0,0.0,11.0,2021-02-22 21:41:28
36,inculpatory,['bard'],1.0,exculpatory_rateless,0.0,A2AVQZWSZH3NS1,4.0,1.0,17.0,2021-02-22 21:47:29
37,random,['bard'],1.0,exculpatory_rateless,0.0,AQXZUVF2QWLYS,2.0,0.0,7.0,2021-02-22 21:51:36
38,random,['bard'],1.0,exculpatory_rateless,1.0,A3MIDLO5S7FU06,6.0,5.0,31.0,2021-02-22 21:52:53
39,credible,['bard'],0.0,exculpatory_rateless,0.0,A3V4AW6DGWBHDO,,,,
40,credible,['bard'],1.0,exculpatory_rateless,0.0,A2SME71SC0IGZ3,,,2.0,2021-02-22 13:57:14
41,inculpatory,['bard'],0.0,exculpatory_rateless,0.0,A1K75OHCIM3RNB,2.0,0.0,7.0,2021-02-23 04:07:39
42,credible,['bard'],1.0,exculpatory_rateless,0.0,A3THO9TNFICLD1,4.0,3.0,17.0,2021-02-22 22:14:40
43,random,['bard'],0.0,exculpatory_rateless,1.0,AVFMTS8A5R4XK,6.0,5.0,31.0,2021-02-22 22:15:34
44,credible,['bard'],0.0,exculpatory_rateless,0.0,A2KDLLDJQ5YB4L,2.0,0.0,7.0,2021-02-22 22:16:23
45,random,['bard'],0.0,exculpatory_rateless,0.0,A37JC45Y9GLSA7,,,2.0,2021-02-22 22:31:30
46,credible,['bard'],1.0,exculpatory_rateless,0.0,A3OT9EHUD1UORR,3.0,0.0,11.0,2021-02-22 22:19:20
47,credible,['bard'],1.0,exculpatory_rateless,1.0,A26X8BQELDQSGH,6.0,6.0,31.0,2021-02-22 22:21:17
48,credible,['bard'],0.0,exculpatory_rateless,0.0,A2XS49LRNX8PD4,,,,
49,credible,['bard'],0.0,exculpatory_rateless,0.0,A3B2E83YBR3L6E,,,2.0,2021-02-23 05:22:18
50,random,['bard'],1.0,exculpatory_rateless,1.0,A1ZGIRYMWB9GO5,6.0,6.0,31.0,2021-02-22 22:23:36
51,random,['bard'],0.0,exculpatory_rateless,1.0,ACD400BAWY7QC,6.0,6.0,31.0,2021-02-22 22:38:48
52,credible,['bard'],0.0,exculpatory_rateless,0.0,A2C0VTQOFYUP83,2.0,0.0,9.0,2021-02-22 22:42:49
53,random,['bard'],0.0,exculpatory_rateless,0.0,A1HUIJ5U9UW86A,5.0,2.0,22.0,2021-02-22 22:44:37
54,inculpatory,['bard'],0.0,exculpatory_rateless,1.0,AGRKG3YT3KMD8,6.0,6.0,31.0,2021-02-22 22:47:36
55,random,['bard'],0.0,exculpatory_rateless,0.0,A1GQ2Q1USIMC63,,,,
56,inculpatory,['bard'],1.0,exculpatory_rateless,0.0,A3P57IUDHUKNCE,4.0,1.0,17.0,2021-02-22 23:02:38
57,inculpatory,['bard'],0.0,exculpatory_rateless,0.0,A20J03BN0PWDQY,3.0,0.0,11.0,2021-02-22 23:00:35
58,inculpatory,['bard'],0.0,exculpatory_rateless,0.0,A1M5O9I9OHA7Y1,2.0,1.0,11.0,2021-02-22 23:05:53
59,credible,['bard'],1.0,exculpatory_rateless,1.0,A3P7Y9YBJ875WK,6.0,6.0,31.0,2021-02-22 23:08:13
60,credible,['bard'],1.0,exculpatory_rateless,0.0,A1G187YBG0DVMQ,3.0,3.0,14.0,2021-02-22 23:07:13
61,inculpatory,['bard'],0.0,exculpatory_rateless,1.0,ARPBDM5QZ4XQC,6.0,6.0,31.0,2021-02-22 23:24:28
62,credible,['bard'],0.0,exculpatory_rateless,0.0,A20RVM3V1A3DKX,,,,
63,random,['bard'],1.0,exculpatory_rateless,1.0,AANOKVDS2XRY%20,6.0,6.0,31.0,2021-02-22 23:31:30
64,credible,['bard'],0.0,exculpatory_rateless,1.0,AAL5LUI5U3NAV,6.0,6.0,31.0,2021-02-22 23:34:06
65,inculpatory,['bard'],0.0,exculpatory_rateless,1.0,A17FGZ1I5P9RZA,6.0,6.0,31.0,2021-02-22 23:35:40
66,random,['bard'],0.0,exculpatory_rateless,1.0,A8RAYYZKGDBQD,6.0,6.0,31.0,2021-02-22 23:36:29
67,credible,['bard'],0.0,exculpatory_rateless,1.0,A32TG2LFDHYDHK,6.0,6.0,31.0,2021-02-22 23:40:45
68,random,['bard'],0.0,exculpatory_rateless,1.0,AIOOOO5OXWXKM,6.0,6.0,31.0,2021-02-23 00:10:46
69,random,['bard'],0.0,exculpatory_rateless,1.0,A1B58LQOBZ3ZCB,6.0,6.0,31.0,2021-02-23 00:44:23
70,credible,['bard'],0.0,exculpatory_rateless,1.0,A15Y215D57OSO5,6.0,6.0,31.0,2021-02-22 23:46:13
71,inculpatory,['bard'],1.0,exculpatory_rateless,0.0,A2JSMMELB161IW,3.0,0.0,11.0,2021-02-22 23:47:34
72,credible,['bard'],0.0,exculpatory_rateless,0.0,A1L1S0IAPZB4MO%20,6.0,3.0,28.0,2021-02-22 23:48:17
73,inculpatory,['bard'],0.0,exculpatory_rateless,1.0,A2JWBLTY5A87R7,6.0,4.0,31.0,2021-02-22 23:50:32
74,credible,['bard'],1.0,exculpatory_rateless,1.0,A34ILETXFLY5KX,6.0,5.0,31.0,2021-02-22 23:55:19
75,inculpatory,['bard'],1.0,exculpatory_rateless,1.0,A2THN8O1IQIRP7,6.0,6.0,31.0,2021-02-23 00:02:20
76,credible,['bard'],0.0,exculpatory_rateless,1.0,H,6.0,6.0,31.0,2021-02-22 23:59:14
77,random,['bard'],0.0,exculpatory_rateless,0.0,A1N4P4XGQM7NXE,3.0,1.0,11.0,2021-02-22 23:59:43
78,credible,['bard'],0.0,exculpatory_rateless,1.0,A1APUWC5IMC5NV,6.0,6.0,31.0,2021-02-23 00:09:16
79,random,['bard'],0.0,exculpatory_rateless,1.0,%20APUB3MEOMP28M,6.0,6.0,31.0,2021-02-23 00:18:16
80,random,['bard'],1.0,exculpatory_rateless,1.0,ANUG05IDFTWF,6.0,6.0,31.0,2021-02-23 00:25:41
81,credible,['bard'],1.0,exculpatory_rateless,1.0,A1B2CR8HUBIHBE,6.0,6.0,31.0,2021-02-23 00:55:08
82,inculpatory,['bard'],1.0,exculpatory_rateless,1.0,AFSI4GMXWKC2U,6.0,6.0,31.0,2021-02-23 00:30:42
83,credible,['bard'],0.0,exculpatory_rateless,1.0,A9JNK887RVYEX,6.0,6.0,31.0,2021-02-23 00:33:31
84,random,['bard'],1.0,exculpatory_rateless,0.0,A3GQP1COT1BYT4,,,,
85,credible,['bard'],1.0,exculpatory_rateless,0.0,A2WVU1DZO2EB89,,,1.0,2021-02-23 00:47:01
86,inculpatory,['bard'],1.0,exculpatory_rateless,0.0,A2KI0ORVSCIUK7,6.0,6.0,30.0,2021-02-23 00:52:01
87,random,['bard'],1.0,exculpatory_rateless,1.0,A1WR3WTEHJEY2D,6.0,6.0,31.0,2021-02-23 00:54:37
88,credible,['bard'],1.0,exculpatory_rateless,1.0,A1B5578ROPM2PA,6.0,5.0,31.0,2021-02-23 00:56:42
89,inculpatory,['bard'],1.0,exculpatory_rateless,1.0,A2137K4XEU12TI,6.0,6.0,24.0,2021-02-23 00:57:00
90,inculpatory,['bard'],1.0,exculpatory_rateless,0.0,tthgdfh,,,1.0,2021-02-23 00:59:19
91,random,['bard'],1.0,exculpatory_rateless,1.0,A1KYKT84B2Z6WR,6.0,6.0,31.0,2021-02-23 01:05:43
92,inculpatory,['bard'],1.0,exculpatory_rateless,1.0,A14UV7K9LQL4V4,6.0,6.0,31.0,2021-02-23 01:09:18
93,credible,['bard'],1.0,exculpatory_rateless,1.0,AHTJBSTSNVQCM,6.0,6.0,31.0,2021-02-23 01:09:57
94,random,['bard'],1.0,exculpatory_rateless,1.0,A2PJBSDDN22XIX,6.0,5.0,31.0,2021-02-23 01:29:43
95,random,['bard'],1.0,exculpatory_rateless,1.0,A30AGR5KF8IEL,6.0,6.0,31.0,2021-02-23 01:31:30
96,credible,['bard'],0.0,exculpatory_rateless,0.0,A2LED6ZGVIMIJT,,,,
97,random,['bard'],0.0,exculpatory_rateless,1.0,A2CU7OUNAVA9HW,6.0,5.0,31.0,2021-02-23 01:42:19
98,random,['bard'],1.0,exculpatory_rateless,1.0,ADVCIFLB5A9B,6.0,6.0,31.0,2021-02-23 01:44:47
99,credible,['bard'],0.0,exculpatory_rateless,1.0,A2KRQH5VUQOD6U,6.0,6.0,31.0,2021-02-23 01:50:03
100,credible,['bard'],1.0,exculpatory_rateless,0.0,AF33MI00WIY1E,1.0,0.0,3.0,2021-02-23 02:04:37
101,random,['bard'],0.0,exculpatory_rateless,1.0,A1AD0XP7UTCMY2,6.0,6.0,31.0,2021-02-23 02:21:33
102,inculpatory,['bard'],0.0,exculpatory_rateless,1.0,A2IW1HIB22T8J7,6.0,4.0,31.0,2021-02-23 02:20:41
103,credible,['bard'],1.0,exculpatory_rateless,0.0,A3A42ASUF124VB,5.0,2.0,22.0,2021-02-23 02:23:10
104,random,['bard'],0.0,exculpatory_rateless,1.0,A1UKGL24L3ADRV,6.0,5.0,31.0,2021-02-23 02:40:24
105,random,['bard'],1.0,exculpatory_rateless,0.0,A2YWCXYQYKC1MT,,,2.0,2021-02-23 02:55:37
106,credible,['bard'],0.0,exculpatory_rateless,0.0,A2P93KBD3WXXTW,3.0,0.0,11.0,2021-02-23 04:23:02
107,random,['bard'],0.0,exculpatory_rateless,0.0,A2Y485S1DTZJKF,3.0,0.0,11.0,2021-02-23 03:25:04
108,credible,['bard'],1.0,exculpatory_rateless,0.0,A2QI7E49C9VLQ7,2.0,0.0,7.0,2021-02-23 03:54:46
109,credible,['bard'],1.0,exculpatory_rateless,0.0,APPOO1EBDMS7M,3.0,2.0,11.0,2021-02-23 04:08:31
110,random,['bard'],0.0,exculpatory_rateless,0.0,A37GV86UVZQOAP,2.0,0.0,7.0,2021-02-23 04:57:02
111,credible,['bard'],1.0,exculpatory_rateless,0.0,A3HYKJ2457U3EN,5.0,3.0,23.0,2021-02-23 05:01:08
112,credible,['bard'],0.0,exculpatory_rateless,0.0,A6XAX4NBQK8W2,,,2.0,2021-02-23 05:02:58
113,credible,['bard'],1.0,exculpatory_rateless,0.0,A1J1URV7017CIP,1.0,0.0,3.0,2021-02-23 05:27:06
114,inculpatory,['bard'],0.0,exculpatory_rateless,0.0,A3UM3L5UM107ZZ,6.0,3.0,28.0,2021-02-23 05:36:58
115,random,['bard'],0.0,exculpatory_rateless,0.0,A22YSO271126D8,2.0,0.0,7.0,2021-02-23 08:12:56
116,inculpatory,['bard'],0.0,exculpatory_rateless,0.0,A8GPOQK34RDGL,1.0,1.0,3.0,2021-02-23 10:08:35
117,credible,['bard'],0.0,exculpatory_rateless,0.0,A2ZHBK2MDL7L51,6.0,1.0,21.0,2021-02-23 10:26:58
118,inculpatory,['bard'],0.0,exculpatory_rateless,0.0,A30NGIKN7761QK,1.0,1.0,2.0,2021-02-23 10:32:21
119,inculpatory,['bard'],0.0,exculpatory_rateless,0.0,A2ZGBK2MDL2L51,5.0,2.0,22.0,2021-02-23 10:36:25
120,random,['bard'],1.0,exculpatory_rateless,0.0,A1UPL99BQKB38T,1.0,0.0,2.0,2021-02-23 11:02:09
121,credible,['bard'],0.0,exculpatory_rateless,0.0,AXU73FUENAD66,,,,
122,random,['bard'],0.0,exculpatory_rateless,1.0,A2ASV1PPO4RPOW,6.0,6.0,31.0,2021-02-23 12:48:55
123,inculpatory,['bard'],0.0,exculpatory_rateless,1.0,A2JRF141BH3W3Y,6.0,5.0,31.0,2021-02-23 13:10:26
124,credible,['bard'],0.0,exculpatory_rateless,0.0,AL1U6BGXX0WD5,4.0,2.0,19.0,2021-02-23 21:58:08
125,inculpatory,['bard'],0.0,exculpatory_rateless,1.0,A13NZ6WOQTSOR5,6.0,6.0,31.0,2021-02-24 00:22:45
126,inculpatory,['bard'],1.0,exculpatory_rateless,0.0,A22AD39Z4DLV0O,,,2.0,2021-02-25 19:33:00
127,credible,['bard'],0.0,exculpatory_rateless,0.0,A2C70BTEGE7BGF,2.0,1.0,7.0,2021-02-25 19:37:22
128,credible,['bard'],0.0,exculpatory_rateless,0.0,A3FBR3RTDQYEVC,,,2.0,2021-02-25 19:39:09
129,credible,['bard'],0.0,exculpatory_rateless,1.0,A37XBH865833FE,6.0,6.0,31.0,2021-02-25 19:40:31
130,inculpatory,['bard'],0.0,exculpatory_rateless,0.0,AIY8KHG5LEXNY,3.0,0.0,11.0,2021-02-25 19:42:47
131,random,['bard'],0.0,exculpatory_rateless,0.0,AG6WV3WODQ7IN,,,2.0,2021-02-25 19:43:05
132,random,['bard'],1.0,exculpatory_rateless,1.0,A2UN9IOX58KPIW,6.0,5.0,31.0,2021-02-25 19:46:50
133,credible,['bard'],1.0,exculpatory_rateless,1.0,A32MLNTZDZQWL,6.0,6.0,31.0,2021-02-25 19:54:50
134,credible,['bard'],0.0,exculpatory_rateless,1.0,A2PSR3CMNR1R9X,6.0,6.0,31.0,2021-02-25 19:55:16
135,credible,['bard'],0.0,exculpatory_rateless,1.0,A2EH7IQCDH2Q5D,6.0,6.0,31.0,2021-02-25 20:01:00
136,random,['bard'],1.0,exculpatory_rateless,0.0,A3BM54X5594Z2F,4.0,1.0,17.0,2021-02-25 20:06:13
137,random,['bard'],0.0,exculpatory_rateless,0.0,A2KAS22UOH9WYR,2.0,0.0,7.0,2021-02-25 20:27:56
138,random,['bard'],0.0,exculpatory_rateless,0.0,A3O5X3P3N0KU7I,4.0,1.0,17.0,2021-02-25 20:28:04
139,credible,['bard'],0.0,exculpatory_rateless,0.0,AM6BV9CKRWF2K,4.0,2.0,17.0,2021-02-25 20:30:24
140,credible,['bard'],1.0,exculpatory_rateless,0.0,A1YSF4RSSRS67Z,5.0,2.0,22.0,2021-02-25 20:41:06
141,credible,['bard'],1.0,exculpatory_rateless,0.0,A5K7BE7M1A8GV,2.0,0.0,7.0,2021-02-25 20:42:38
142,credible,['bard'],1.0,exculpatory_rateless,0.0,A2STQGO3R4U09O,1.0,0.0,2.0,2021-02-25 20:44:51
143,credible,['bard'],0.0,exculpatory_rateless,1.0,AFWJT2RB6Y4SZ,6.0,6.0,31.0,2021-02-25 20:48:20
144,random,['bard'],1.0,exculpatory_rateless,0.0,A2SYMGV61FXMXD,,,,
145,credible,['bard'],1.0,exculpatory_rateless,1.0,AU849EHZNGV2Z,6.0,6.0,31.0,2021-02-25 21:06:34
146,credible,['bard'],1.0,exculpatory_rateless,0.0,A3M9ZOPLZIQ2A,3.0,0.0,11.0,2021-02-25 21:14:22
147,credible,['bard'],0.0,exculpatory_rateless,0.0,A315P7Y2AO1ZAV,6.0,3.0,28.0,2021-02-25 21:18:19
148,inculpatory,['bard'],0.0,exculpatory_rateless,0.0,A3VK30XKUW6N84,1.0,0.0,7.0,2021-02-25 21:19:41
149,inculpatory,['bard'],1.0,exculpatory_rateless,0.0,AFIZI4VWF6YV5,5.0,2.0,22.0,2021-02-25 21:23:43
150,random,['bard'],1.0,exculpatory_rateless,0.0,A1V7KFR9YWUY56,4.0,1.0,17.0,2021-02-25 21:31:21
151,random,['bard'],0.0,exculpatory_rateless,0.0,JSKFA88efe33SFC,,,,
152,inculpatory,['bard'],1.0,exculpatory_rateless,1.0,AA5ZDXAA2DLY1,6.0,6.0,31.0,2021-02-25 21:36:03
153,inculpatory,['bard'],0.0,exculpatory_rateless,0.0,A24C6QQIDFZ5NO,5.0,2.0,22.0,2021-02-25 21:36:50
154,credible,['bard'],1.0,exculpatory_rateless,1.0,AE015UO038LEC,6.0,6.0,31.0,2021-02-25 21:49:21
155,inculpatory,['bard'],1.0,exculpatory_rateless,1.0,A3CF8ULBSE8MTL,6.0,6.0,31.0,2021-02-25 21:48:19
156,credible,['bard'],1.0,exculpatory_rateless,1.0,AWDH0OEW6ISZ2,6.0,6.0,31.0,2021-02-25 22:02:18
157,credible,['bard'],1.0,exculpatory_rateless,0.0,A1FH0Y12VSXUMK,3.0,3.0,13.0,2021-02-25 22:08:29
158,credible,['bard'],1.0,exculpatory_rateless,0.0,A12XMUO7UW08EK,2.0,2.0,7.0,2021-02-25 22:21:01
159,random,['bard'],1.0,exculpatory_rateless,1.0,A2YQ3OAU7Q5YR8,6.0,6.0,31.0,2021-02-25 22:20:43
160,credible,['bard'],0.0,exculpatory_rateless,1.0,A2EP5M61OBZYLF,6.0,6.0,31.0,2021-02-25 22:28:52
161,random,['bard'],1.0,exculpatory_rateless,1.0,A3DZVN0RJGJ8XM,6.0,6.0,31.0,2021-02-25 22:22:34
162,inculpatory,['bard'],0.0,exculpatory_rateless,1.0,A1YMF916E6DM6Z,6.0,6.0,31.0,2021-02-25 22:25:54
163,random,['bard'],0.0,exculpatory_rateless,0.0,A3BS891GDX2MZS,2.0,0.0,7.0,2021-02-25 22:28:17
164,inculpatory,['bard'],0.0,exculpatory_rateless,0.0,ALKQPW0O9C98N,,,,
165,inculpatory,['bard'],0.0,exculpatory_rateless,1.0,A1CO5ONFXX6VLN,6.0,6.0,31.0,2021-02-25 22:33:28
166,credible,['bard'],1.0,exculpatory_rateless,1.0,A2Z2OV7QGU10QN,6.0,6.0,31.0,2021-02-25 22:33:45
167,credible,['bard'],0.0,exculpatory_rateless,1.0,AWN8SISULPG1E,6.0,5.0,31.0,2021-02-25 22:34:33
168,credible,['bard'],1.0,exculpatory_rateless,1.0,A21Y7K669KM1PR,6.0,6.0,31.0,2021-02-25 22:36:45
169,random,['bard'],0.0,exculpatory_rateless,1.0,A3OG0CWF19INEH,6.0,6.0,31.0,2021-02-25 22:37:03
170,inculpatory,['bard'],1.0,exculpatory_rateless,1.0,A1UZ91EFSJFUM8,6.0,6.0,31.0,2021-02-25 22:39:19
171,random,['bard'],1.0,exculpatory_rateless,0.0,A1VKVBVPK57OD5,2.0,0.0,7.0,2021-02-25 22:39:21
172,credible,['bard'],1.0,exculpatory_rateless,0.0,AS2MFSWNC5CQI,4.0,4.0,17.0,2021-02-25 22:43:36
173,inculpatory,['bard'],0.0,exculpatory_rateless,1.0,A1UZ02W2GK883U,6.0,6.0,31.0,2021-02-25 22:44:02
174,random,['bard'],0.0,exculpatory_rateless,1.0,A7WVKWZKY0IRD,6.0,5.0,31.0,2021-02-25 22:51:10
175,random,['bard'],0.0,exculpatory_rateless,0.0,A1JOJM9JG53H9R,,,2.0,2021-02-25 22:52:23
176,credible,['bard'],1.0,exculpatory_rateless,0.0,A2Z75NJBZ46RE9,5.0,3.0,20.0,2021-02-25 22:53:58
177,inculpatory,['bard'],1.0,exculpatory_rateless,1.0,A207T1T5FX6H7D,6.0,6.0,31.0,2021-02-25 23:09:23
178,credible,['bard'],1.0,exculpatory_rateless,0.0,A1TNICCDSHTUXS,2.0,2.0,10.0,2021-02-25 23:03:09
179,inculpatory,['bard'],1.0,exculpatory_rateless,0.0,A2MUOR5H62S8OG,4.0,1.0,17.0,2021-02-25 23:03:33
180,inculpatory,['bard'],1.0,exculpatory_rateless,1.0,A3MYQGYGHTZVCP,6.0,6.0,31.0,2021-02-25 23:11:44
181,random,['bard'],1.0,exculpatory_rateless,1.0,A3NVUHG65ES2Y,6.0,6.0,31.0,2021-02-25 23:24:04
182,credible,['bard'],0.0,exculpatory_rateless,1.0,A1FGKIKJYSL1MI,6.0,6.0,31.0,2021-02-25 23:24:15
183,inculpatory,['bard'],0.0,exculpatory_rateless,1.0,A22J1U3RTB7TG4,6.0,6.0,31.0,2021-02-25 23:31:56
184,credible,['bard'],0.0,exculpatory_rateless,1.0,a2n44ymd67y63d,6.0,6.0,31.0,2021-02-25 23:36:25
185,credible,['bard'],0.0,exculpatory_rateless,0.0,A1A5EPWCVYLGOM,4.0,1.0,17.0,2021-02-25 23:35:52
186,credible,['bard'],0.0,exculpatory_rateless,1.0,A2BT7QVGXJKFKI,6.0,6.0,31.0,2021-02-25 23:45:29
187,credible,['bard'],1.0,exculpatory_rateless,0.0,A3NBNSLRLDTLOG,5.0,2.0,22.0,2021-02-25 23:47:02
188,credible,['bard'],0.0,exculpatory_rateless,1.0,A37VR7ZPZBGC33,6.0,4.0,31.0,2021-02-25 23:50:14
189,credible,['bard'],1.0,exculpatory_rateless,1.0,A6ASUA3LW2EYV,6.0,6.0,31.0,2021-02-25 23:51:33
190,credible,['bard'],1.0,exculpatory_rateless,1.0,A2RM1DEJOE6T3X,6.0,6.0,31.0,2021-02-25 23:52:22
191,random,['bard'],0.0,exculpatory_rateless,1.0,A2VHM8EO3FBGP,6.0,6.0,31.0,2021-02-26 00:03:31
192,random,['bard'],1.0,exculpatory_rateless,1.0,AL5MR5NR0VYFI,6.0,6.0,31.0,2021-02-26 00:09:31
193,random,['bard'],0.0,exculpatory_rateless,1.0,AE63GABJL0FGJ,6.0,6.0,31.0,2021-02-26 00:21:53
194,random,['bard'],1.0,exculpatory_rateless,0.0,A84LXRLRLXPCY,3.0,1.0,11.0,2021-02-26 00:46:16
195,credible,['bard'],0.0,exculpatory_rateless,1.0,A1M3HU7RRX0BXZ,6.0,6.0,31.0,2021-02-26 00:54:58
196,random,['bard'],1.0,exculpatory_rateless,1.0,A2NK89ZPYIMP87,6.0,5.0,31.0,2021-02-26 01:01:47
197,credible,['bard'],1.0,exculpatory_rateless,1.0,ARQ7R97434PM2,6.0,5.0,31.0,2021-02-26 01:04:39
198,credible,['bard'],1.0,exculpatory_rateless,1.0,APF1EAZT104LQ,6.0,6.0,31.0,2021-02-26 01:05:53
199,inculpatory,['bard'],1.0,exculpatory_rateless,1.0,A1CHU9J9YU9CS8,6.0,6.0,31.0,2021-02-26 01:11:59
200,credible,['bard'],0.0,exculpatory_rateless,0.0,A3TYCJO2DG3RMH,2.0,1.0,8.0,2021-02-26 01:12:22
201,random,['bard'],0.0,exculpatory_rateless,1.0,A2LBH2X1DIWOD,6.0,6.0,31.0,2021-02-26 01:15:01
202,random,['bard'],1.0,exculpatory_rateless,1.0,A1SKBBTD0PJI6G,6.0,6.0,31.0,2021-02-26 01:14:37
203,inculpatory,['bard'],0.0,exculpatory_rateless,0.0,AR0UKLOCTE3Q0,5.0,2.0,22.0,2021-02-26 02:13:16
204,credible,['bard'],0.0,exculpatory_rateless,0.0,A2IMGMVY8TRJE4,,,2.0,2021-02-26 02:39:10
205,credible,['bard'],0.0,exculpatory_rateless,0.0,A2V04K34HKAD9M,1.0,1.0,5.0,2021-02-26 02:43:12
206,credible,['bard'],0.0,exculpatory_rateless,0.0,A1927EGFNSOBTJ,3.0,0.0,11.0,2021-02-26 04:32:58
207,credible,['bard'],1.0,exculpatory_rateless,1.0,A2WTOTXURSH2LR,6.0,4.0,31.0,2021-02-26 04:44:53
208,inculpatory,['bard'],0.0,exculpatory_rateless,0.0,A1CVAA9NN0IT5G,1.0,0.0,5.0,2021-02-26 14:28:51
209,inculpatory,['bard'],0.0,exculpatory_rateless,0.0,A1UUSPQR8K5230,2.0,0.0,7.0,2021-02-26 07:50:35
210,inculpatory,['bard'],1.0,exculpatory_rateless,0.0,A1ANS0LT8M32JD,5.0,3.0,22.0,2021-02-26 09:48:21
211,credible,['bard'],1.0,exculpatory_rateless,1.0,A2BPBE6D5JKT6Q,6.0,6.0,31.0,2021-02-26 11:38:29
212,credible,['bard'],1.0,exculpatory_rateless,1.0,A1OVBBM0WHOVNT,6.0,6.0,31.0,2021-03-02 00:08:10
213,random,['bard'],1.0,exculpatory_rateless,1.0,A3LGH2ISF18Z9W,6.0,5.0,31.0,2021-03-02 00:16:54
214,credible,['bard'],1.0,exculpatory_rateless,1.0,A1G4DA61N4XPLL,6.0,6.0,31.0,2021-03-02 00:12:36
215,inculpatory,['bard'],1.0,exculpatory_rateless,1.0,A3P35II1RN3FYV,6.0,6.0,31.0,2021-03-02 00:13:34
216,credible,['bard'],1.0,exculpatory_rateless,1.0,A21FSF2MCK11IR,6.0,6.0,31.0,2021-03-02 00:14:39
217,random,['bard'],1.0,exculpatory_rateless,1.0,A2P429K4D0WM9R,6.0,5.0,31.0,2021-03-02 00:19:52
218,inculpatory,['bard'],1.0,exculpatory_rateless,1.0,A2F1AA15HG0FRU,6.0,6.0,31.0,2021-03-02 00:28:34
219,credible,['bard'],0.0,exculpatory_rateless,1.0,A3N17LYEE7484L,6.0,4.0,31.0,2021-03-02 00:28:15
220,inculpatory,['bard'],1.0,exculpatory_rateless,1.0,A17ITPS92UMJRJ,6.0,6.0,31.0,2021-03-02 00:30:30
221,inculpatory,['bard'],0.0,exculpatory_rateless,1.0,A1VMPZVVVZUCS4,6.0,6.0,31.0,2021-03-02 00:36:22
222,credible,['bard'],0.0,exculpatory_rateless,1.0,A15T9HDPHV3X7Q,6.0,6.0,31.0,2021-03-02 00:41:26
223,random,['bard'],1.0,exculpatory_rateless,0.0,A2YT9HJEU5KTYM,2.0,0.0,8.0,2021-03-02 01:04:02
224,credible,['bard'],1.0,exculpatory_rateless,0.0,A2DWIUJI9NIHFW,2.0,0.0,7.0,2021-03-02 00:52:00
225,credible,['bard'],1.0,exculpatory_rateless,1.0,A2CWA5VQZ6IWMQ,6.0,6.0,31.0,2021-03-02 00:54:47
226,credible,['bard'],1.0,exculpatory_rateless,1.0,A2NKW6JBEM4LL4,6.0,5.0,31.0,2021-03-02 01:01:47
227,inculpatory,['bard'],0.0,exculpatory_rateless,0.0,4,,,2.0,2021-03-02 01:02:36
228,inculpatory,['bard'],1.0,exculpatory_rateless,1.0,A1L1S0IAPZB4MA,6.0,6.0,31.0,2021-03-02 01:20:23
229,random,['bard'],1.0,exculpatory_rateless,1.0,AKZUP3VY594E8,6.0,6.0,31.0,2021-03-02 01:25:33
230,credible,['bard'],1.0,exculpatory_rateless,0.0,A1Q8BVNW9B7OKQ,4.0,1.0,17.0,2021-03-02 01:28:10
231,inculpatory,['bard'],1.0,exculpatory_rateless,1.0,ACKG8OU1KHKO2,6.0,6.0,31.0,2021-03-02 01:32:23
232,random,['bard'],0.0,exculpatory_rateless,0.0,APMUBXRRBPG45,3.0,0.0,11.0,2021-03-02 02:00:23
233,random,['bard'],1.0,exculpatory_rateless,0.0,3333,,,1.0,2021-03-02 02:11:35
234,credible,['bard'],1.0,exculpatory_rateless,0.0,A3KG6D3CQDEURV,5.0,5.0,22.0,2021-03-02 02:16:08
235,inculpatory,['bard'],1.0,exculpatory_rateless,1.0,ASUYZPEXOLCZT,6.0,6.0,31.0,2021-03-02 02:18:34
236,random,['bard'],0.0,exculpatory_rateless,1.0,A3BPJK7XSOHXM4,6.0,5.0,31.0,2021-03-02 02:19:06
237,inculpatory,['bard'],0.0,exculpatory_rateless,0.0,ACMDY31Q38UPZ,,,2.0,2021-03-02 02:18:57
238,random,['bard'],1.0,exculpatory_rateless,1.0,A189OY9QEDBF9H,6.0,6.0,31.0,2021-03-02 02:22:38
239,random,['bard'],1.0,exculpatory_rateless,0.0,A3OF9HAEZVBQ3G,,,,
240,random,['bard'],0.0,exculpatory_rateless,0.0,A19V3A2N7GWL77,3.0,3.0,16.0,2021-03-02 02:29:17
241,credible,['bard'],0.0,exculpatory_rateless,1.0,A3RGIKEI8JS2QG,6.0,6.0,31.0,2021-03-02 02:30:41
242,random,['bard'],0.0,exculpatory_rateless,1.0,A36QB5I9TY8YE2,6.0,6.0,31.0,2021-03-02 02:29:47
243,random,['bard'],1.0,exculpatory_rateless,0.0,A19ATLCQ7YUU88,4.0,1.0,17.0,2021-03-02 02:39:26
244,credible,['bard'],1.0,exculpatory_rateless,1.0,AA3I6BSPTQ96P,6.0,6.0,31.0,2021-03-02 02:40:43
245,inculpatory,['bard'],0.0,exculpatory_rateless,1.0,A3SUUPLFBSG1T9,6.0,6.0,31.0,2021-03-02 02:53:10
246,random,['bard'],0.0,exculpatory_rateless,0.0,A16SH7JUOTPBP,6.0,3.0,28.0,2021-03-02 03:00:25
247,inculpatory,['bard'],0.0,exculpatory_rateless,0.0,A35ZMCD96J7HQO,4.0,1.0,17.0,2021-03-02 03:01:49
248,inculpatory,['bard'],0.0,exculpatory_rateless,1.0,A2WHWML9IAFJUE,6.0,6.0,31.0,2021-03-02 03:14:28
249,inculpatory,['bard'],0.0,exculpatory_rateless,1.0,A5A14MTB35J23,6.0,6.0,31.0,2021-03-02 03:17:45
250,inculpatory,['bard'],1.0,exculpatory_rateless,1.0,A2O8L681OIZGPV,6.0,6.0,31.0,2021-03-02 03:36:54
251,inculpatory,['bard'],1.0,exculpatory_rateless,1.0,A3VDG4N48AVYGQ,6.0,6.0,31.0,2021-03-02 03:23:33
252,inculpatory,['bard'],1.0,exculpatory_rateless,1.0,A3T9K2RY06UO14,6.0,6.0,31.0,2021-03-02 03:28:36
253,inculpatory,['bard'],0.0,exculpatory_rateless,0.0,A2580O4IYRX53L,2.0,0.0,7.0,2021-03-02 03:29:50
254,random,['bard'],0.0,exculpatory_rateless,0.0,AZ2OLOQD33P3Y,3.0,0.0,11.0,2021-03-02 03:38:42
255,inculpatory,['bard'],0.0,exculpatory_rateless,1.0,A1G6DFTYUM578N,6.0,4.0,31.0,2021-03-02 03:52:47
256,inculpatory,['bard'],0.0,exculpatory_rateless,1.0,A3T5UAYFKJBVTA,6.0,6.0,31.0,2021-03-02 03:54:57
257,inculpatory,['bard'],1.0,exculpatory_rateless,0.0,A2TZBMR3BTDC6K,2.0,0.0,7.0,2021-03-02 04:04:21
258,random,['bard'],0.0,exculpatory_rateless,1.0,A2O67PQ9YKH2FY,6.0,5.0,31.0,2021-03-02 04:07:01
259,credible,['bard'],1.0,exculpatory_rateless,1.0,A1IL81UMEC9OJI,6.0,6.0,31.0,2021-03-02 04:06:47
260,random,['bard'],1.0,exculpatory_rateless,1.0,A1R9PH4LOMKZ13,6.0,6.0,31.0,2021-03-02 04:17:40
261,inculpatory,['bard'],1.0,exculpatory_rateless,1.0,A2PWE9TKEM99BA,6.0,6.0,31.0,2021-03-02 04:17:33
262,random,['bard'],0.0,exculpatory_rateless,1.0,AMSU7G0MWMR70,6.0,6.0,31.0,2021-03-02 04:19:50
263,credible,['bard'],0.0,exculpatory_rateless,1.0,A2DVVVMDROYSOX,6.0,6.0,31.0,2021-03-02 04:26:40
264,random,['bard'],1.0,exculpatory_rateless,1.0,ACZQOCDA2SXYX,6.0,6.0,31.0,2021-03-02 04:24:22
265,credible,['bard'],0.0,exculpatory_rateless,0.0,ALCPF5NANBDSZ,,,,
266,inculpatory,['bard'],1.0,exculpatory_rateless,0.0,A1K8VUKRL53OX,2.0,2.0,8.0,2021-03-02 04:37:20
267,inculpatory,['bard'],1.0,exculpatory_rateless,0.0,A273B58CZCS643,1.0,1.0,5.0,2021-03-02 04:54:10
268,inculpatory,['bard'],0.0,exculpatory_rateless,1.0,A1UBV2NP7OVDVV,6.0,6.0,31.0,2021-03-02 04:52:02
269,random,['bard'],1.0,exculpatory_rateless,1.0,A2ML40J7NKUQ5D,6.0,6.0,31.0,2021-03-02 05:02:45
270,random,['bard'],1.0,exculpatory_rateless,0.0,A1IZXYBZFZAPAQ,,,,
271,inculpatory,['bard'],1.0,exculpatory_rateless,1.0,AU01P6YB9J5JX,6.0,6.0,31.0,2021-03-02 05:07:25
272,inculpatory,['bard'],1.0,exculpatory_rateless,1.0,A19FEZUCRLSLSX,6.0,6.0,31.0,2021-03-02 05:10:38
273,inculpatory,['bard'],1.0,exculpatory_rateless,1.0,A26KZMPK2EKVMX,6.0,5.0,31.0,2021-03-02 06:05:44
274,random,['bard'],0.0,exculpatory_rateless,1.0,A373ZHDG0UNHHZ,6.0,6.0,31.0,2021-03-02 05:30:00
275,credible,['bard'],0.0,exculpatory_rateless,1.0,A1YA7TP3N05FII,6.0,6.0,31.0,2021-03-02 06:13:23
276,random,['bard'],0.0,exculpatory_rateless,1.0,A1V8FJHR0XVNCV,6.0,5.0,31.0,2021-03-02 06:12:34
277,credible,['bard'],0.0,exculpatory_rateless,0.0,A3W341JMZSKATX,,,1.0,2021-03-02 07:15:03
278,random,['bard'],0.0,exculpatory_rateless,1.0,A1LDB5XI8SW99C,6.0,6.0,31.0,2021-03-02 09:08:46
279,credible,['bard'],1.0,exculpatory_rateless,0.0,AZLWRBZ5B4SKT,1.0,0.0,5.0,2021-03-04 22:44:07
280,inculpatory,['bard'],1.0,exculpatory_rateless,1.0,AGMC0106ZQ7PE,6.0,6.0,31.0,2021-03-04 22:48:48
281,inculpatory,['bard'],0.0,exculpatory_rateless,1.0,ACRTRQ23XH20E,6.0,5.0,31.0,2021-03-04 22:47:40
282,inculpatory,['bard'],0.0,exculpatory_rateless,1.0,A3OZ8KF0HWSVWK,6.0,6.0,31.0,2021-03-04 23:04:46
283,inculpatory,['bard'],1.0,exculpatory_rateless,1.0,A49HPQ9P5AHU4,6.0,6.0,31.0,2021-03-04 23:04:51
284,credible,['bard'],1.0,exculpatory_rateless,1.0,A2BCK6M4SPHRRH,6.0,6.0,31.0,2021-03-04 23:11:44
285,random,['bard'],0.0,exculpatory_rateless,0.0,AH7VF786B5UG4,2.0,0.0,7.0,2021-03-04 23:11:20
286,credible,['bard'],0.0,exculpatory_rateless,0.0,A3FRLCRRHAH31Q,5.0,2.0,22.0,2021-03-04 23:17:48
287,inculpatory,['bard'],1.0,exculpatory_rateless,1.0,A2O4XAP7RMWJJ4,6.0,4.0,31.0,2021-03-04 23:27:20
288,inculpatory,['bard'],0.0,exculpatory_rateless,1.0,A10T0161B70BXP,6.0,5.0,31.0,2021-03-04 23:29:46
289,credible,['bard'],0.0,exculpatory_rateless,0.0,A3QJJR5Y3XE92N,1.0,1.0,7.0,2021-03-04 23:31:30
290,inculpatory,['bard'],0.0,exculpatory_rateless,1.0,A2GSZI2717YXZK,6.0,4.0,31.0,2021-03-04 23:32:56
291,inculpatory,['bard'],0.0,exculpatory_rateless,1.0,A31JM9RECQGYEX,6.0,6.0,31.0,2021-03-04 23:35:51
292,credible,['bard'],1.0,exculpatory_rateless,1.0,A22KRF782ELLB0,6.0,6.0,31.0,2021-03-04 23:41:37
293,random,['bard'],0.0,exculpatory_rateless,0.0,A3IDWLRXWYXBWN,3.0,0.0,11.0,2021-03-04 23:41:04
294,credible,['bard'],0.0,exculpatory_rateless,0.0,A1K42W7BKJDVB,,,1.0,2021-03-04 23:59:31
295,credible,['bard'],0.0,exculpatory_rateless,1.0,A2Y2AZ8DBFU47Q,6.0,6.0,31.0,2021-03-05 00:56:56
296,random,['bard'],0.0,exculpatory_rateless,1.0,A20FCMWP43CVIU,6.0,6.0,31.0,2021-03-05 00:06:49
297,inculpatory,['bard'],1.0,exculpatory_rateless,0.0,AAH6HJWRC4JD2,4.0,1.0,17.0,2021-03-05 00:24:00
298,inculpatory,['bard'],0.0,exculpatory_rateless,0.0,A1C0R9VK6VB9HZ,2.0,1.0,7.0,2021-03-05 00:15:43
299,inculpatory,['bard'],0.0,exculpatory_rateless,1.0,A351IXEGN07W7G,6.0,6.0,31.0,2021-03-05 00:23:27
300,random,['bard'],0.0,exculpatory_rateless,1.0,A3017ZO18WCEI3,6.0,5.0,31.0,2021-03-05 00:27:14
301,credible,['bard'],1.0,exculpatory_rateless,0.0,AI9YR5E1S3U19,4.0,1.0,17.0,2021-03-05 00:30:53
302,random,['bard'],0.0,exculpatory_rateless,1.0,A3I62460289O85,6.0,6.0,31.0,2021-03-05 00:31:50
303,inculpatory,['bard'],0.0,exculpatory_rateless,0.0,A2JQPSIVUCW92T,3.0,3.0,11.0,2021-03-05 00:36:32
304,inculpatory,['bard'],0.0,exculpatory_rateless,1.0,A1YAVRC52D4PV1,6.0,6.0,31.0,2021-03-05 00:49:02
305,random,['bard'],1.0,exculpatory_rateless,1.0,AZ8KL6F16ZS7G,6.0,6.0,31.0,2021-03-05 00:47:22
306,inculpatory,['bard'],1.0,exculpatory_rateless,1.0,A3MDU0KP6F46FP,6.0,6.0,31.0,2021-03-05 00:49:00
307,random,['bard'],1.0,exculpatory_rateless,1.0,A2ZX7580NVWA6I,6.0,4.0,31.0,2021-03-05 00:52:30
308,credible,['bard'],0.0,exculpatory_rateless,1.0,AYVWSFAUHCZWO,6.0,6.0,31.0,2021-03-05 00:57:37
309,inculpatory,['bard'],1.0,exculpatory_rateless,1.0,A3LIE6Q2EGABU6,6.0,6.0,31.0,2021-03-05 01:01:50
310,inculpatory,['bard'],1.0,exculpatory_rateless,1.0,A2JAE9P7FQXU2T,6.0,6.0,31.0,2021-03-05 01:15:34
311,random,['bard'],1.0,exculpatory_rateless,1.0,ASAB45GU3E5M3,6.0,6.0,31.0,2021-03-05 01:15:22
312,random,['bard'],1.0,exculpatory_rateless,1.0,AS7ZK30LXDC46,6.0,6.0,31.0,2021-03-05 01:20:24
313,credible,['bard'],1.0,exculpatory_rateless,1.0,ASN4MC6EVKD7A,6.0,6.0,31.0,2021-03-05 01:22:04
314,credible,['bard'],1.0,exculpatory_rateless,1.0,A1REWIYHM77VPT,6.0,6.0,31.0,2021-03-05 01:29:36
315,credible,['bard'],1.0,exculpatory_rateless,0.0,AFO9MCOXXSYY7,,,1.0,2021-03-05 01:31:23
316,random,['bard'],1.0,exculpatory_rateless,1.0,A3PLWSCPFLCEGI,6.0,6.0,31.0,2021-03-05 01:30:16
317,credible,['bard'],0.0,exculpatory_rateless,1.0,A162384ZKEJC7F,6.0,6.0,30.0,2021-03-05 01:29:44
318,credible,['bard'],0.0,exculpatory_rateless,1.0,A90B6DGZNL6OY,6.0,6.0,31.0,2021-03-05 01:31:21
319,random,['bard'],1.0,exculpatory_rateless,1.0,A18BSHQD73RIZK,6.0,6.0,31.0,2021-03-05 01:34:53
320,random,['bard'],1.0,exculpatory_rateless,0.0,A1HVSOJC13XEK1,,,2.0,2021-03-05 01:48:55
321,credible,['bard'],0.0,exculpatory_rateless,1.0,A12J4IRF5Z06BT,6.0,6.0,31.0,2021-03-05 02:26:34
322,random,['bard'],1.0,exculpatory_rateless,1.0,A1L1S0IAPZB4MS,6.0,6.0,31.0,2021-03-05 02:40:26
323,credible,['bard'],0.0,exculpatory_rateless,0.0,A3EMXBQG4NXJVM,3.0,3.0,13.0,2021-03-05 02:45:36
324,random,['bard'],1.0,exculpatory_rateless,1.0,A2M10QYY3BTJ0Q,6.0,6.0,31.0,2021-03-05 02:44:58
325,random,['bard'],1.0,exculpatory_rateless,0.0,A1YIE68LKBFUSD,4.0,4.0,17.0,2021-03-05 02:58:17
326,random,['bard'],0.0,exculpatory_rateless,0.0,A7LML9IOO802O,,,,
327,credible,['bard'],1.0,exculpatory_rateless,1.0,A1IFSJYV94MRK8,6.0,5.0,31.0,2021-03-05 03:18:09
328,inculpatory,['bard'],0.0,exculpatory_rateless,0.0,A23DLELKE6EJJG,4.0,1.0,17.0,2021-03-05 03:33:21
329,inculpatory,['bard'],0.0,exculpatory_rateless,0.0,A2DTYSIBBXIAVB,5.0,2.0,22.0,2021-03-05 03:24:49
330,inculpatory,['bard'],1.0,exculpatory_rateless,1.0,A1H1TKK54YG94Q,6.0,6.0,31.0,2021-03-05 03:27:59
331,credible,['bard'],0.0,exculpatory_rateless,0.0,A4392TOCVZRX7,6.0,3.0,28.0,2021-03-05 03:37:57
332,credible,['bard'],0.0,exculpatory_rateless,0.0,A2ZEWMNLPFFOXM,,,,
333,inculpatory,['bard'],1.0,exculpatory_rateless,0.0,A10F0OVV7A0U74,,,,
334,inculpatory,['bard'],0.0,exculpatory_rateless,1.0,AWKP0M7G5BBCC,6.0,6.0,31.0,2021-03-05 03:47:13
335,inculpatory,['bard'],1.0,exculpatory_rateless,0.0,ATTDVS5IWEE75,5.0,2.0,22.0,2021-03-05 11:49:53
336,inculpatory,['bard'],0.0,exculpatory_rateless,0.0,A8W7457HGBJ31,5.0,2.0,22.0,2021-03-05 04:19:30
337,credible,['bard'],1.0,exculpatory_rateless,1.0,A19F2L7M226USH,6.0,6.0,31.0,2021-03-05 04:40:55
338,credible,['bard'],0.0,exculpatory_rateless,0.0,A2JJF5OFND2KL5,1.0,0.0,2.0,2021-03-05 05:40:45
339,credible,['bard'],0.0,exculpatory_rateless,0.0,A1SH6BOQT9K5VT,2.0,0.0,7.0,2021-03-05 05:37:14
340,inculpatory,['bard'],0.0,exculpatory_rateless,0.0,A1D6V3CKUT95LJ,6.0,5.0,28.0,2021-03-05 05:50:03
341,random,['bard'],0.0,exculpatory_rateless,1.0,A1GY6XMHLCXX54,6.0,6.0,31.0,2021-03-05 06:02:18
342,credible,['bard'],1.0,exculpatory_rateless,1.0,A5U517WO9A7MD,6.0,6.0,31.0,2021-03-05 06:14:19
343,credible,['bard'],0.0,exculpatory_rateless,1.0,A2NO44KT1KXFWC,6.0,5.0,31.0,2021-03-05 06:45:34
344,random,['bard'],1.0,exculpatory_rateless,1.0,A24PDG9XRA4HIV,6.0,6.0,31.0,2021-03-05 07:08:25
345,inculpatory,['bard'],0.0,exculpatory_rateless,0.0,A1YFFRRABDKJU5,,,2.0,2021-03-05 08:10:50
346,random,['bard'],0.0,exculpatory_rateless,1.0,A1H4MYPDJ2K3VI,6.0,6.0,31.0,2021-03-05 08:19:22
347,credible,['bard'],1.0,exculpatory_rateless,0.0,A3OKOWU61RJTX4,,,1.0,2021-03-05 08:47:50
348,inculpatory,['bard'],1.0,exculpatory_rateless,0.0,A2YFQS0N1IAN92,,,,
349,inculpatory,['bard'],0.0,exculpatory_rateless,1.0,A37GHED5LW6M3Z,6.0,5.0,31.0,2021-03-05 14:51:05
350,random,['bard'],0.0,exculpatory_rateless,0.0,A3JV54EH1LEK4H,3.0,0.0,11.0,2021-03-07 23:44:37
351,inculpatory,['bard'],0.0,exculpatory_rateless,1.0,A1Q07N0ONFDIT7,6.0,6.0,31.0,2021-03-08 23:46:35
352,inculpatory,['bard'],1.0,exculpatory_rateless,1.0,A3493E42N1JZVF,6.0,6.0,31.0,2021-03-07 23:49:32
353,credible,['bard'],1.0,exculpatory_rateless,1.0,A2V4DP31BEVABF,6.0,6.0,31.0,2021-03-07 23:52:41
354,inculpatory,['bard'],0.0,exculpatory_rateless,1.0,A51U5BEIC5XVR,6.0,5.0,31.0,2021-03-07 23:51:51
355,credible,['bard'],1.0,exculpatory_rateless,1.0,A4QDGJGTGK7NJ,6.0,6.0,31.0,2021-03-07 23:56:11
356,credible,['bard'],0.0,exculpatory_rateless,0.0,A2TRFQJKZU9NB3,5.0,2.0,22.0,2021-03-07 23:55:27
357,credible,['bard'],1.0,exculpatory_rateless,1.0,A274V7TN4K4ICV,6.0,6.0,31.0,2021-03-07 23:58:08
358,random,['bard'],1.0,exculpatory_rateless,1.0,A2CEHL1T8C927W,6.0,6.0,31.0,2021-03-07 23:59:55
359,credible,['bard'],0.0,exculpatory_rateless,1.0,A1PLYU7HZ97RF0,6.0,4.0,31.0,2021-03-08 00:03:10
360,credible,['bard'],0.0,exculpatory_rateless,0.0,ASNMT3I94HZ44,,,,
361,random,['bard'],0.0,exculpatory_rateless,1.0,AK2BB7OB8HYIP,6.0,6.0,31.0,2021-03-08 00:11:10
362,random,['bard'],1.0,exculpatory_rateless,1.0,AFRKVRPZ2RHY8,6.0,5.0,31.0,2021-03-08 00:13:55
363,random,['bard'],1.0,exculpatory_rateless,1.0,COPIEDA3CZNH7V7RD29,6.0,6.0,31.0,2021-03-08 00:15:33
364,credible,['bard'],0.0,exculpatory_rateless,0.0,A2G94HZV0UJEKU,4.0,1.0,17.0,2021-03-08 00:24:14
365,inculpatory,['bard'],0.0,exculpatory_rateless,1.0,A1BIOL31US5D9,6.0,6.0,31.0,2021-03-08 00:34:33
366,inculpatory,['bard'],0.0,exculpatory_rateless,1.0,A1IJ56N5Z4TT46,6.0,6.0,31.0,2021-03-08 00:30:26
367,credible,['bard'],0.0,exculpatory_rateless,1.0,A3UQ9R1VDVVQKR,6.0,6.0,31.0,2021-03-08 00:29:20
368,inculpatory,['bard'],1.0,exculpatory_rateless,1.0,A2BUHMLNE3LUU0,6.0,6.0,31.0,2021-03-08 00:35:31
369,credible,['bard'],1.0,exculpatory_rateless,1.0,AP9M4LGBH8FYM,6.0,6.0,31.0,2021-03-08 00:38:44
370,inculpatory,['bard'],1.0,exculpatory_rateless,0.0,A2FMSGRVFC2OL7,6.0,3.0,22.0,2021-03-08 00:37:57
371,inculpatory,['bard'],0.0,exculpatory_rateless,1.0,A2683ZVNWI119A,6.0,5.0,31.0,2021-03-08 00:44:24
372,inculpatory,['bard'],1.0,exculpatory_rateless,1.0,A2N9Q1IHLP4LGI,6.0,6.0,31.0,2021-03-08 00:56:38
373,inculpatory,['bard'],1.0,exculpatory_rateless,1.0,A1VE6VNQJO0U88,6.0,6.0,31.0,2021-03-08 01:00:37
374,random,['bard'],1.0,exculpatory_rateless,1.0,A1IL2HYSSL4ZMV,6.0,6.0,31.0,2021-03-08 01:06:12
375,inculpatory,['bard'],0.0,exculpatory_rateless,0.0,A1WUFHQ1YGHK3C,,,2.0,2021-03-08 01:21:55
376,credible,['bard'],1.0,exculpatory_rateless,0.0,AUB2Y2EREGBUZ%20,5.0,5.0,22.0,2021-03-08 01:37:01
377,inculpatory,['bard'],1.0,exculpatory_rateless,0.0,AN8KNI96ZSZSZ,5.0,2.0,22.0,2021-03-08 01:38:32
378,credible,['bard'],0.0,exculpatory_rateless,1.0,A3QLGMZOLGMBQ1,6.0,6.0,31.0,2021-03-08 01:40:46
379,credible,['bard'],1.0,exculpatory_rateless,0.0,A3NV59HZFMFZTY,6.0,3.0,28.0,2021-03-08 01:41:08
380,credible,['bard'],1.0,exculpatory_rateless,1.0,A2Q1JUSJ9THUDZ,6.0,6.0,31.0,2021-03-08 01:43:47
381,random,['bard'],1.0,exculpatory_rateless,1.0,A10042UW3Q59GF,6.0,6.0,31.0,2021-03-08 01:44:30
382,credible,['bard'],1.0,exculpatory_rateless,1.0,A1W6F491X6GI60,6.0,6.0,31.0,2021-03-08 01:46:46
383,inculpatory,['bard'],0.0,exculpatory_rateless,1.0,A3RS5AQ7UMX23R,6.0,6.0,31.0,2021-03-08 01:47:20
384,credible,['bard'],1.0,exculpatory_rateless,1.0,A1BX4F4TBDNNJO,6.0,6.0,31.0,2021-03-08 01:47:56
385,credible,['bard'],1.0,exculpatory_rateless,1.0,A1G1OO4IWM8EP5,6.0,6.0,31.0,2021-03-08 01:46:46
386,random,['bard'],0.0,exculpatory_rateless,1.0,A1271V1YNO76YA,6.0,6.0,31.0,2021-03-08 01:48:19
387,inculpatory,['bard'],1.0,exculpatory_rateless,0.0,A14Y7FZ3ENKKQ6,3.0,0.0,11.0,2021-03-08 01:49:31
388,random,['bard'],0.0,exculpatory_rateless,1.0,A1HBSDSSKXYTEZ,6.0,5.0,31.0,2021-03-08 01:49:03
389,inculpatory,['bard'],1.0,exculpatory_rateless,1.0,A2RXIJWI9CWY88,6.0,6.0,31.0,2021-03-08 01:51:18
390,random,['bard'],0.0,exculpatory_rateless,1.0,A2NKE99I9M8EP3,6.0,6.0,31.0,2021-03-08 01:53:09
391,inculpatory,['bard'],0.0,exculpatory_rateless,1.0,A1GTK51EOSCJOV,6.0,6.0,31.0,2021-03-08 01:54:47
392,random,['bard'],0.0,exculpatory_rateless,1.0,AJ1MFJ2BULOVS,6.0,6.0,31.0,2021-03-08 01:55:13
393,random,['bard'],0.0,exculpatory_rateless,1.0,A16C74YXV9MYNE,6.0,6.0,31.0,2021-03-08 01:55:44
394,credible,['bard'],0.0,exculpatory_rateless,0.0,A22AL9CY652GH4,,,2.0,2021-03-08 01:57:05
395,credible,['bard'],0.0,exculpatory_rateless,1.0,A2AS2Z9P0VV2NP,6.0,6.0,31.0,2021-03-08 02:05:18
396,random,['bard'],0.0,exculpatory_rateless,1.0,A8C3WNWRBWUXO,6.0,6.0,31.0,2021-03-08 02:06:59
397,inculpatory,['bard'],0.0,exculpatory_rateless,1.0,A3U9GIFERXHVL2,6.0,6.0,31.0,2021-03-08 02:20:36
398,inculpatory,['bard'],1.0,exculpatory_rateless,1.0,A3V5GWY8P6SRO7,6.0,5.0,31.0,2021-03-08 02:34:24
399,inculpatory,['bard'],0.0,exculpatory_rateless,1.0,AVPZJ69E3WFYM,6.0,5.0,31.0,2021-03-08 02:43:59
400,random,['bard'],1.0,exculpatory_rateless,0.0,A90BS11OTQ1R,5.0,3.0,26.0,2021-03-08 02:46:00
401,inculpatory,['bard'],0.0,exculpatory_rateless,0.0,A20QXCW2IQ1JTI,4.0,1.0,17.0,2021-03-08 02:51:49
402,credible,['bard'],1.0,exculpatory_rateless,1.0,A23J0BNIK7TB1N,6.0,6.0,31.0,2021-03-08 02:55:18
403,random,['bard'],0.0,exculpatory_rateless,0.0,A21L7K4NROSSF5,6.0,3.0,28.0,2021-03-08 03:17:05
404,inculpatory,['bard'],0.0,exculpatory_rateless,0.0,A19PVBIU4PBOZP,3.0,0.0,11.0,2021-03-08 03:18:07
405,credible,['bard'],1.0,exculpatory_rateless,0.0,AN4RO1LLTGI6D,3.0,1.0,11.0,2021-03-08 03:51:11
406,random,['bard'],1.0,exculpatory_rateless,0.0,A3PRQ2GSU42718,2.0,2.0,10.0,2021-03-08 03:58:52
407,inculpatory,['bard'],0.0,exculpatory_rateless,1.0,A3GI28OVLDI9ST,6.0,6.0,31.0,2021-03-08 04:03:28
408,random,['bard'],1.0,exculpatory_rateless,1.0,ALAOEYIYW0CW7,6.0,6.0,31.0,2021-03-08 04:57:20
409,random,['bard'],1.0,exculpatory_rateless,0.0,rgerwterge,,,1.0,2021-03-08 04:29:01
410,inculpatory,['bard'],0.0,exculpatory_rateless,1.0,A1FBI9CPTNYMMR,6.0,6.0,31.0,2021-03-08 04:30:11
411,credible,['bard'],0.0,exculpatory_rateless,0.0,A1PUSSRD8P5HHH,,,2.0,2021-03-08 05:07:39
412,credible,['bard'],1.0,exculpatory_rateless,1.0,A1L1S0IAPZB4MU,6.0,6.0,31.0,2021-03-08 05:41:40
413,random,['bard'],1.0,exculpatory_rateless,1.0,A2GDA7QID977M9,6.0,6.0,31.0,2021-03-08 06:08:07
414,random,['bard'],0.0,exculpatory_rateless,1.0,A1CFGTNT1UHUQ8,6.0,6.0,31.0,2021-03-08 06:56:32
415,inculpatory,['bard'],1.0,exculpatory_rateless,0.0,A13AEEU7R8TZGB,5.0,3.0,22.0,2021-03-08 09:08:50
416,random,['bard'],0.0,exculpatory_rateless,0.0,A2EO59P47ODLH5,2.0,0.0,7.0,2021-03-08 10:27:17
417,inculpatory,['bard'],1.0,exculpatory_rateless,0.0,A2ZHBK2DUL2L51,,,2.0,2021-03-08 10:44:09
418,credible,['bard'],1.0,exculpatory_rateless,1.0,A2LV5432PV1S39,6.0,6.0,31.0,2021-03-08 11:18:14
419,credible,['bard'],1.0,exculpatory_rateless,0.0,A2JRW2Z4MEZB88,2.0,0.0,7.0,2021-03-08 14:19:39
420,random,['bard'],0.0,exculpatory_rateless,0.0,A2CWADQFILGY80,,,2.0,2021-03-08 14:36:37
421,random,['bard'],1.0,exculpatory_rateless,0.0,A1L4S5760P7WMY,,,2.0,2021-03-08 15:04:51
422,random,['bard'],0.0,exculpatory_rateless,1.0,A3TT7QV49VCZJ9,6.0,6.0,31.0,2021-03-08 17:07:03
423,credible,['bard'],0.0,exculpatory_rateless,0.0,A39F2OC6EXIBLU,3.0,0.0,11.0,2021-03-08 22:17:49
424,credible,['bard'],0.0,exculpatory_rateless,0.0,A35S1KGA2G9KGC,2.0,0.0,7.0,2021-03-08 22:18:35
425,credible,['bard'],1.0,exculpatory_rateless,0.0,A3B9MARTUU66F,3.0,1.0,11.0,2021-03-08 22:22:48
426,credible,['bard'],0.0,exculpatory_rateless,0.0,A2HDVJ3CZXV0EZ,,,2.0,2021-03-08 22:25:50
427,random,['bard'],1.0,exculpatory_rateless,0.0,A77EN6TMUN0ZM,,,,
428,inculpatory,['bard'],0.0,exculpatory_rateless,0.0,AD94YUQE36ZOD,,,2.0,2021-03-08 22:27:55
429,inculpatory,['bard'],0.0,exculpatory_rateless,0.0,A3E7YSLM7WU3AT,,,2.0,2021-03-08 22:28:01
430,credible,['bard'],0.0,exculpatory_rateless,1.0,AR9ZU4Y5NAZY4,6.0,6.0,31.0,2021-03-08 23:04:23
431,inculpatory,['bard'],0.0,exculpatory_rateless,0.0,A1L7QPDYJJG98Y,3.0,0.0,11.0,2021-03-08 22:39:39
432,inculpatory,['bard'],1.0,exculpatory_rateless,1.0,ASC9DUCC64M3P,6.0,6.0,31.0,2021-03-08 22:48:44
433,inculpatory,['bard'],1.0,exculpatory_rateless,1.0,A32OLRMBKX7121,6.0,6.0,31.0,2021-03-08 22:52:55
434,inculpatory,['bard'],0.0,exculpatory_rateless,0.0,A1I0LYDWQ5B7Z5,1.0,0.0,2.0,2021-03-08 22:52:45
435,random,['bard'],1.0,exculpatory_rateless,0.0,AL3K9E6X0U9MN,4.0,1.0,17.0,2021-03-08 22:59:10
436,random,['bard'],1.0,exculpatory_rateless,1.0,AH3DHAMDYSFP2,6.0,6.0,31.0,2021-03-08 23:05:41
437,inculpatory,['bard'],1.0,exculpatory_rateless,1.0,ABF5ENVB19SC4,6.0,6.0,31.0,2021-03-08 23:12:14
438,inculpatory,['bard'],0.0,exculpatory_rateless,1.0,A3ATU3VULAB7K2,6.0,6.0,31.0,2021-03-08 23:18:31
439,random,['bard'],1.0,exculpatory_rateless,1.0,AV6C736XAEG67,6.0,6.0,31.0,2021-03-08 23:19:51
440,random,['bard'],1.0,exculpatory_rateless,1.0,A2W7YHVVNCR6D,6.0,6.0,31.0,2021-03-08 23:21:20
441,credible,['bard'],1.0,exculpatory_rateless,0.0,A3GIHD8GJU04MU,3.0,1.0,11.0,2021-03-08 23:23:04
442,credible,['bard'],1.0,exculpatory_rateless,0.0,A1FVDI98ZESRLP,6.0,6.0,30.0,2021-03-08 23:25:39
443,inculpatory,['bard'],0.0,exculpatory_rateless,0.0,:%20COPIEDA24L97TE1OKBP,5.0,2.0,22.0,2021-03-08 23:27:14
444,inculpatory,['bard'],0.0,exculpatory_rateless,1.0,A1CPVTZAK27YSF,6.0,6.0,31.0,2021-03-08 23:34:05
445,credible,['bard'],0.0,exculpatory_rateless,1.0,AC2KJ7S63KNHG,6.0,6.0,31.0,2021-03-08 23:33:48
446,inculpatory,['bard'],1.0,exculpatory_rateless,1.0,A3B8CHEB2ZS31K,6.0,6.0,31.0,2021-03-08 23:33:31
447,inculpatory,['bard'],1.0,exculpatory_rateless,1.0,AJZEXCH1TSUE1,6.0,6.0,31.0,2021-03-08 23:33:56
448,random,['bard'],0.0,exculpatory_rateless,1.0,A15340BRCER2UO,6.0,5.0,31.0,2021-03-08 23:34:18
449,inculpatory,['bard'],0.0,exculpatory_rateless,1.0,A2NBVTY6FLBEAF,6.0,6.0,31.0,2021-03-08 23:40:23
450,inculpatory,['bard'],0.0,exculpatory_rateless,1.0,A2WYQJ4NPRM45U,6.0,5.0,31.0,2021-03-08 23:53:59
451,random,['bard'],0.0,exculpatory_rateless,1.0,A34AQDMF5GVHVY,6.0,5.0,31.0,2021-03-08 23:56:45
452,random,['bard'],0.0,exculpatory_rateless,1.0,AIRMPT0ELMSVF,6.0,6.0,31.0,2021-03-08 23:58:47
453,credible,['bard'],0.0,exculpatory_rateless,1.0,ACL7PBN5XCOPP,6.0,6.0,31.0,2021-03-08 23:57:37
454,random,['bard'],1.0,exculpatory_rateless,0.0,A3G3TIX6FEMN8R,1.0,1.0,2.0,2021-03-09 00:03:56
455,random,['bard'],0.0,exculpatory_rateless,0.0,A34VLM2UC0JY11,3.0,3.0,16.0,2021-03-09 00:07:35
456,credible,['bard'],1.0,exculpatory_rateless,0.0,A1LFOS4GL90HWU,1.0,1.0,3.0,2021-03-09 00:09:37
457,random,['bard'],1.0,exculpatory_rateless,0.0,AGDJB8B8CDZ71,,,,
458,credible,['bard'],0.0,exculpatory_rateless,1.0,A2PCR8QD4GNB1K,6.0,6.0,31.0,2021-03-09 00:13:37
459,credible,['bard'],0.0,exculpatory_rateless,1.0,ANMD34DNHLOLC,6.0,6.0,31.0,2021-03-09 00:17:38
460,inculpatory,['bard'],0.0,exculpatory_rateless,0.0,A3SUUPLFBSG1T9%20,2.0,2.0,8.0,2021-03-09 00:19:36
461,credible,['bard'],0.0,exculpatory_rateless,1.0,A37DJ6J709DRMJ,6.0,6.0,31.0,2021-03-09 00:19:47
462,inculpatory,['bard'],0.0,exculpatory_rateless,1.0,A2A05ISEDQB78D,6.0,6.0,31.0,2021-03-09 00:19:38
463,inculpatory,['bard'],1.0,exculpatory_rateless,0.0,A2VTUR86NML1F8,5.0,2.0,22.0,2021-03-09 00:24:40
464,credible,['bard'],0.0,exculpatory_rateless,1.0,A3GF6AKYQH9ERB,6.0,6.0,31.0,2021-03-09 00:28:20
465,credible,['bard'],0.0,exculpatory_rateless,1.0,A19Z68L0RHQVWL,6.0,6.0,31.0,2021-03-09 00:31:04
466,random,['bard'],0.0,exculpatory_rateless,1.0,A2Z65HNT8KZZ1V,6.0,6.0,31.0,2021-03-09 00:42:24
467,random,['bard'],1.0,exculpatory_rateless,1.0,ALSMH6OVJJZ12,6.0,6.0,31.0,2021-03-09 00:42:01
468,random,['bard'],1.0,exculpatory_rateless,1.0,A1MF8IRLW6YRF7,6.0,6.0,30.0,2021-03-09 00:47:11
469,inculpatory,['bard'],0.0,exculpatory_rateless,1.0,A3JHXEH79DJ83L,6.0,6.0,31.0,2021-03-09 00:45:51
470,credible,['bard'],0.0,exculpatory_rateless,1.0,A8KDSIY4KBYR4,6.0,6.0,31.0,2021-03-09 00:47:27
471,credible,['bard'],0.0,exculpatory_rateless,0.0,AI8Q28HBCAADK,,,,
472,random,['bard'],1.0,exculpatory_rateless,1.0,A30N7QXF4W4VCM,6.0,6.0,31.0,2021-03-09 00:56:28
473,credible,['bard'],1.0,exculpatory_rateless,0.0,AY9F1A1ITPF2O,5.0,5.0,27.0,2021-03-09 01:09:16
474,random,['bard'],0.0,exculpatory_rateless,0.0,A29H9K3VR4KDNH,4.0,1.0,17.0,2021-03-09 01:08:33
475,credible,['bard'],1.0,exculpatory_rateless,1.0,A3Q9VCRY6LF42L,6.0,4.0,31.0,2021-03-09 01:36:24
476,credible,['bard'],1.0,exculpatory_rateless,0.0,A1YI1H05AQ3ING,,,2.0,2021-03-09 01:43:21
477,credible,['bard'],1.0,exculpatory_rateless,1.0,A1XWBSRUGGNEA2,6.0,6.0,31.0,2021-03-09 01:47:22
478,credible,['bard'],1.0,exculpatory_rateless,0.0,A23NL8JRP9Q0U5,6.0,6.0,29.0,2021-03-09 01:50:43
479,credible,['bard'],0.0,exculpatory_rateless,1.0,A263Y9ZPYSSTB9,6.0,6.0,31.0,2021-03-09 01:50:47
480,random,['bard'],1.0,exculpatory_rateless,1.0,A1SG9J4RVGW9BI,6.0,6.0,31.0,2021-03-09 02:06:00
481,random,['bard'],1.0,exculpatory_rateless,0.0,AM0QVBV8L6QCJ,1.0,1.0,4.0,2021-03-09 02:09:07
482,credible,['bard'],0.0,exculpatory_rateless,0.0,A11V7VINFPF6FM,5.0,2.0,22.0,2021-03-09 02:17:52
483,inculpatory,['bard'],0.0,exculpatory_rateless,1.0,AJOSA0J78FD1A,6.0,6.0,31.0,2021-03-09 02:17:21
484,inculpatory,['bard'],1.0,exculpatory_rateless,1.0,AN1KDUF8Z8MU3,6.0,6.0,31.0,2021-03-09 02:28:16
485,random,['bard'],0.0,exculpatory_rateless,1.0,A1WDKH2DYOYE8X,6.0,6.0,31.0,2021-03-09 02:31:39
486,inculpatory,['bard'],0.0,exculpatory_rateless,1.0,A14ADQ7RUN6TDY,6.0,6.0,31.0,2021-03-09 02:38:26
487,random,['bard'],0.0,exculpatory_rateless,0.0,A3TVSOA76PP1XL,3.0,0.0,11.0,2021-03-09 02:47:05
488,credible,['bard'],1.0,exculpatory_rateless,0.0,A10X7U145THWAS,3.0,0.0,11.0,2021-03-09 02:46:25
489,inculpatory,['bard'],1.0,exculpatory_rateless,1.0,A2Q1WQ4SKCA7VS,6.0,6.0,31.0,2021-03-09 02:48:57
490,random,['bard'],0.0,exculpatory_rateless,1.0,A3PN1UCISGM2BF,6.0,6.0,26.0,2021-03-09 03:01:09
491,credible,['bard'],1.0,exculpatory_rateless,1.0,AAGVQLRLC6J19,6.0,6.0,31.0,2021-03-09 02:58:14
492,credible,['bard'],0.0,exculpatory_rateless,0.0,A2XQNH1LPC4JU,,,,
493,random,['bard'],0.0,exculpatory_rateless,1.0,A3VCIQR4E74K0U,6.0,5.0,31.0,2021-03-09 03:01:00
494,inculpatory,['bard'],1.0,exculpatory_rateless,1.0,A3L7TVDAMZM0FG,6.0,6.0,31.0,2021-03-09 03:06:07
495,random,['bard'],1.0,exculpatory_rateless,0.0,A1AL6YXN76OLGW,,,2.0,2021-03-09 03:06:56
496,credible,['bard'],0.0,exculpatory_rateless,0.0,A22VZZFOP9D3GC,,,1.0,2021-03-09 03:18:05
497,inculpatory,['bard'],0.0,exculpatory_rateless,0.0,A15VCG7KA6V73R,5.0,2.0,22.0,2021-03-09 03:29:39
498,credible,['bard'],0.0,exculpatory_rateless,1.0,A113XPG6TXPMO2,6.0,6.0,31.0,2021-03-09 03:47:54
499,inculpatory,['bard'],0.0,exculpatory_rateless,1.0,A22BHAGI31AYR3,6.0,6.0,31.0,2021-03-09 03:49:37
500,credible,['bard'],0.0,exculpatory_rateless,1.0,AOEO9ZV81R0I4,6.0,6.0,31.0,2021-03-09 03:50:16
501,inculpatory,['bard'],1.0,exculpatory_rateless,0.0,A2K840Y1QJFBZS,3.0,0.0,11.0,2021-03-09 03:54:09
502,inculpatory,['bard'],1.0,exculpatory_rateless,1.0,A1VR16PZW73C68,6.0,5.0,31.0,2021-03-09 04:10:05
503,random,['bard'],0.0,exculpatory_rateless,1.0,A83YN965RRQBF,6.0,6.0,31.0,2021-03-09 04:14:58
504,inculpatory,['bard'],0.0,exculpatory_rateless,1.0,A1TGSYR7H0PKEI,6.0,6.0,31.0,2021-03-09 04:24:07
505,random,['bard'],0.0,exculpatory_rateless,1.0,A1WZY0K6IE3ASG,6.0,6.0,31.0,2021-03-09 04:28:17
506,inculpatory,['bard'],1.0,exculpatory_rateless,1.0,A2DVCDDVI697QR,6.0,6.0,31.0,2021-03-09 04:40:58
507,credible,['bard'],1.0,exculpatory_rateless,1.0,A1KMH9Q8NHKLXV,6.0,6.0,31.0,2021-03-09 04:41:21
508,credible,['bard'],1.0,exculpatory_rateless,1.0,A3HT6YYXPBRKN3,6.0,6.0,31.0,2021-03-09 04:40:22
509,random,['bard'],0.0,exculpatory_rateless,1.0,ANBQ5S0ZDCC19,6.0,6.0,31.0,2021-03-09 04:50:27
510,inculpatory,['bard'],1.0,exculpatory_rateless,1.0,A3A2SOD3TEJV0D,6.0,6.0,31.0,2021-03-09 05:30:05
511,credible,['bard'],1.0,exculpatory_rateless,0.0,A3VXUWPOPPPEI2,5.0,2.0,22.0,2021-03-09 05:35:37
512,credible,['bard'],1.0,exculpatory_rateless,1.0,A2IKTVTCWCZH1R,6.0,6.0,31.0,2021-03-09 05:35:59
513,random,['bard'],0.0,exculpatory_rateless,1.0,A2NHP55T9ZX86Q,6.0,5.0,31.0,2021-03-09 05:48:20
514,credible,['bard'],0.0,exculpatory_rateless,0.0,A2MMDG116J28FC,3.0,0.0,11.0,2021-03-09 06:19:00
515,inculpatory,['bard'],0.0,exculpatory_rateless,1.0,A3S6OLEO6D950C,6.0,6.0,31.0,2021-03-09 06:56:03
516,random,['bard'],1.0,exculpatory_rateless,0.0,testforscreens,,,,
