StartDate,EndDate,Status,IPAddress,Progress,Duration (in seconds),Finished,RecordedDate,ResponseId,RecipientLastName,RecipientFirstName,RecipientEmail,ExternalReference,LocationLatitude,LocationLongitude,DistributionChannel,UserLanguage,QID1_Browser,QID1_Version,QID1_Operating System,QID1_Resolution,Group,D1,D2,D3,D4,D6,D6_4_TEXT,D7_1,D8,D9,D10,D11,D12,D13,D14,D15,D16,D17,D18,D5_17,D5_1,D5_2,D5_3,D5_4,D5_5,D5_6,D5_7,D5_8,D5.1,D5.1_6_TEXT,D5.3,L-LS1,L-LS2#1_1,L-LS2#1_2,L-LS2#1_3,L-LS2#1_4,L-LS2#1_5,L-LS2#1_6,L-LS3_1,L-LS3_2,L-LS3_3,L-LS4_4,L-LS4_5,L-LS4_6,L-LS4_7,L-LS4_8,L-A1_1_1,L-A1_1_2,L-A1_2_1,L-A1_2_2,L-A1_3_1,L-A1_3_2,L-A1_4_1,L-A1_4_2,L-A1_5_1,L-A1_5_2,L-J2,L-J2_5_TEXT,L-J3_1,L-J3_2,L-J3_3,L-J3_4,L-J4,L-J5_1_1,L-J5_1_2,L-J5_2_1,L-J5_2_2,L-J5_3_1,L-J5_3_2,L-J5_4_1,L-J5_4_2,L-J5_5_1,L-J5_5_2,AS1,AS2,AJ1,AJ2,AJ3,AJ4,AJ5,AJ6,AC1,AC2,AC3,AC4,AC5,AC6,AC7,AC8,AC9,AC10,AC11,AC12,AC13,AC14,uid
Start Date,End Date,Response Type,IP Address,Progress,Duration (in seconds),Finished,Recorded Date,Response ID,Recipient Last Name,Recipient First Name,Recipient Email,External Data Reference,Location Latitude,Location Longitude,Distribution Channel,User Language,Browser Meta Info - Browser,Browser Meta Info - Version,Browser Meta Info - Operating System,Browser Meta Info - Resolution,"If you were given a Group ID code, please enter it here. If you don't have one, leave this blank.",What is your gender?,Which best describes your race?,"What is your age? (If you are 90 or older, enter 90.)",Which best describes your ethnicity? (Choose the option with which you most closely identify.),"If you are a registered voter, what is your party affiliation? - Selected Choice","If you are a registered voter, what is your party affiliation? - Other (please specify) - Text",Please adjust the slider to a position that best reflects your political views. - Which best describes your political beliefs?,What is your marital status?,How many children do you have? Enter 0 if none.,Are you currently employed?,"If not currently employed, are you looking for work?",Are you currently enrolled as a student?,"Parking tickets and traffic violations aside, have you ever been accused of a crime?","Parking tickets and traffic violations aside, has any member of your immediate family ever been accused of a crime?","In the past 6 months, have you ever responded to this survey without reading the questions?",How many law enforcement personnel do you know well?,Have you ever served as a juror?,Have you or a member of your immediate family ever been a victim of a violent crime?,"Which best fits your education level? If you have more than one advanced (post-undergraduate) degree, please select all that apply. - High school diploma or GED","Which best fits your education level? If you have more than one advanced (post-undergraduate) degree, please select all that apply. - Associate's Degree","Which best fits your education level? If you have more than one advanced (post-undergraduate) degree, please select all that apply. - Bachelor's Degree","Which best fits your education level? If you have more than one advanced (post-undergraduate) degree, please select all that apply. - Master's Degree","Which best fits your education level? If you have more than one advanced (post-undergraduate) degree, please select all that apply. - Ph.D.","Which best fits your education level? If you have more than one advanced (post-undergraduate) degree, please select all that apply. - Currently enrolled in law school","Which best fits your education level? If you have more than one advanced (post-undergraduate) degree, please select all that apply. - Formal legal training (J.D., LL.M., J.S.D.) or licensed to practice law in country of citizenship","Which best fits your education level? If you have more than one advanced (post-undergraduate) degree, please select all that apply. - Doctor of Medicine (M.D.)","Which best fits your education level? If you have more than one advanced (post-undergraduate) degree, please select all that apply. - Other advanced degree",You indicated that you have legal training. Which option best describes your current situation? - Selected Choice,You indicated that you have legal training. Which option best describes your current situation? - Other (fill in the blank) - Text,How many years have you practiced law?,How many semesters of law school have you completed?,Which of the following courses have you taken in law school? - L-LS2#1 - Constitutional law,Which of the following courses have you taken in law school? - L-LS2#1 - Criminal law,Which of the following courses have you taken in law school? - L-LS2#1 - Criminal procedure: Investigation,Which of the following courses have you taken in law school? - L-LS2#1 - Criminal procedure: Adjudication,Which of the following courses have you taken in law school? - L-LS2#1 - Evidence,Which of the following courses have you taken in law school? - L-LS2#1 - Trial practice or advocacy,Have you worked in a law school clinic with a primary practice in one of the following areas? Select all that apply. - Criminal defense (including post-conviction/innocence claims),Have you worked in a law school clinic with a primary practice in one of the following areas? Select all that apply. - Criminal prosecution,Have you worked in a law school clinic with a primary practice in one of the following areas? Select all that apply. - Other trial-level litigation,"Have you completed an internship, externship, summer associateship, or substantial work in any of the following? Select all that apply. - Prosecutor’s office (state or federal)","Have you completed an internship, externship, summer associateship, or substantial work in any of the following? Select all that apply. - Public defender’s office (state or federal)","Have you completed an internship, externship, summer associateship, or substantial work in any of the following? Select all that apply. - State or federal court chambers","Have you completed an internship, externship, summer associateship, or substantial work in any of the following? Select all that apply. - Law firm position that involved substantial criminal defense","Have you completed an internship, externship, summer associateship, or substantial work in any of the following? Select all that apply. - Law firm position that involved substantial civil litigation","Which of the following areas, if any, represent or previously represented a substantial part of your current or past practice? - Civil litigation, plaintiff's bar - Past practice","Which of the following areas, if any, represent or previously represented a substantial part of your current or past practice? - Civil litigation, plaintiff's bar - Current practice","Which of the following areas, if any, represent or previously represented a substantial part of your current or past practice? - Civil litigation, defense bar - Past practice","Which of the following areas, if any, represent or previously represented a substantial part of your current or past practice? - Civil litigation, defense bar - Current practice","Which of the following areas, if any, represent or previously represented a substantial part of your current or past practice? - Criminal prosecution - Past practice","Which of the following areas, if any, represent or previously represented a substantial part of your current or past practice? - Criminal prosecution - Current practice","Which of the following areas, if any, represent or previously represented a substantial part of your current or past practice? - Criminal defense - Past practice","Which of the following areas, if any, represent or previously represented a substantial part of your current or past practice? - Criminal defense - Current practice","Which of the following areas, if any, represent or previously represented a substantial part of your current or past practice? - Transactional law - Past practice","Which of the following areas, if any, represent or previously represented a substantial part of your current or past practice? - Transactional law - Current practice",Over what kind of court do you currently preside? - Selected Choice,Over what kind of court do you currently preside? - Other - Text,"Besides your current position, have you ever presided over any of these other types of courts? Select all that apply. - Trial court","Besides your current position, have you ever presided over any of these other types of courts? Select all that apply. - Appellate court","Besides your current position, have you ever presided over any of these other types of courts? Select all that apply. - Court of last resort","Besides your current position, have you ever presided over any of these other types of courts? Select all that apply. - Administrative law","If your court is one of limited jurisdiction, what kind is it?","If you have ever practiced law as an attorney, which of the following areas represent or previously represented a substantial part of your practice? - Civil litigation, plaintiff's bar - Past practice","If you have ever practiced law as an attorney, which of the following areas represent or previously represented a substantial part of your practice? - Civil litigation, plaintiff's bar - Current practice","If you have ever practiced law as an attorney, which of the following areas represent or previously represented a substantial part of your practice? - Civil litigation, defense bar - Past practice","If you have ever practiced law as an attorney, which of the following areas represent or previously represented a substantial part of your practice? - Civil litigation, defense bar - Current practice","If you have ever practiced law as an attorney, which of the following areas represent or previously represented a substantial part of your practice? - Criminal prosecution - Past practice","If you have ever practiced law as an attorney, which of the following areas represent or previously represented a substantial part of your practice? - Criminal prosecution - Current practice","If you have ever practiced law as an attorney, which of the following areas represent or previously represented a substantial part of your practice? - Criminal defense - Past practice","If you have ever practiced law as an attorney, which of the following areas represent or previously represented a substantial part of your practice? - Criminal defense - Current practice","If you have ever practiced law as an attorney, which of the following areas represent or previously represented a substantial part of your practice? - Transactional law - Past practice","If you have ever practiced law as an attorney, which of the following areas represent or previously represented a substantial part of your practice? - Transactional law - Current practice","Some people argue that crimes should get different sentences depending on how likely it is that the criminal will be caught. More specifically, crimes of similar seriousness should get a longer sentence if it is a harder crime to detect.",Some people say that the major determinant of the sentence for a crime should be the sentence that the person deserves to receive given the seriousness of the crime he committed.,I am someone who doesn't have opinions.,I am personally invested in my views.,I would be willing to take account of the views of others who believe things that are different than mine.,It doesn't bother me that people hold views that differ from mine.,Views that differ from mine could be just as valid as my own.,I recognize that I don't know all the information that could inform my views.,"If a suspect runs from the police, then he or she probably committed the crime.",A defendant should be found guilty if 11 out of 12 jurors vote guilty.,"Too often jurors hesitate to convict someone who is guilty, out of pure sympathy.","In most cases where the accused presents a strong defense, it is only because of a good lawyer.","For serious crimes like murder, a defendant should be found guilty so long as there is a 90% chance that he committed the crime.",Defense lawyers don't really care about guilt or innocence; they are just in business to make money.,"Generally, the police make an arrest only when they are sure about who committed the crime.",Many accident claims filed against insurance companies are phony.,"If the grand jury recommends that a person be brought to trial, then he probably committed the crime.","Extenuating circumstances should not be considered -- if a person commits a crime, then that person should be punished.","If a majority of the evidence -- but not all of it -- suggests that the defendant committed the crime, the jury should vote not guilty.","If the defendant committed a victimless crime like gambling or possesion of marijuana, he should never be convicted.",Judges can be swayed by their policy preferences.,It is possible for a judge to be objective in his or her rulings and opinions.,uid
"{""ImportId"":""startDate"",""timeZone"":""Z""}","{""ImportId"":""endDate"",""timeZone"":""Z""}","{""ImportId"":""status""}","{""ImportId"":""ipAddress""}","{""ImportId"":""progress""}","{""ImportId"":""duration""}","{""ImportId"":""finished""}","{""ImportId"":""recordedDate"",""timeZone"":""Z""}","{""ImportId"":""_recordId""}","{""ImportId"":""recipientLastName""}","{""ImportId"":""recipientFirstName""}","{""ImportId"":""recipientEmail""}","{""ImportId"":""externalDataReference""}","{""ImportId"":""locationLatitude""}","{""ImportId"":""locationLongitude""}","{""ImportId"":""distributionChannel""}","{""ImportId"":""userLanguage""}","{""ImportId"":""QID1_BROWSER""}","{""ImportId"":""QID1_VERSION""}","{""ImportId"":""QID1_OS""}","{""ImportId"":""QID1_RESOLUTION""}","{""ImportId"":""QID89_TEXT""}","{""ImportId"":""QID6""}","{""ImportId"":""QID7""}","{""ImportId"":""QID8_TEXT""}","{""ImportId"":""QID9""}","{""ImportId"":""QID11""}","{""ImportId"":""QID11_4_TEXT""}","{""ImportId"":""QID12_1""}","{""ImportId"":""QID13""}","{""ImportId"":""QID14_TEXT""}","{""ImportId"":""QID15""}","{""ImportId"":""QID16""}","{""ImportId"":""QID17""}","{""ImportId"":""QID18""}","{""ImportId"":""QID19""}","{""ImportId"":""QID20""}","{""ImportId"":""QID21_TEXT""}","{""ImportId"":""QID22""}","{""ImportId"":""QID23""}","{""ImportId"":""QID10"",""choiceId"":""17""}","{""ImportId"":""QID10"",""choiceId"":""1""}","{""ImportId"":""QID10"",""choiceId"":""2""}","{""ImportId"":""QID10"",""choiceId"":""3""}","{""ImportId"":""QID10"",""choiceId"":""4""}","{""ImportId"":""QID10"",""choiceId"":""5""}","{""ImportId"":""QID10"",""choiceId"":""6""}","{""ImportId"":""QID10"",""choiceId"":""7""}","{""ImportId"":""QID10"",""choiceId"":""8""}","{""ImportId"":""QID93""}","{""ImportId"":""QID93_6_TEXT""}","{""ImportId"":""QID135""}","{""ImportId"":""QID32""}","{""ImportId"":""QID33#1_4""}","{""ImportId"":""QID33#1_5""}","{""ImportId"":""QID33#1_6""}","{""ImportId"":""QID33#1_7""}","{""ImportId"":""QID33#1_8""}","{""ImportId"":""QID33#1_9""}","{""ImportId"":""QID34"",""choiceId"":""1""}","{""ImportId"":""QID34"",""choiceId"":""2""}","{""ImportId"":""QID34"",""choiceId"":""3""}","{""ImportId"":""QID35"",""choiceId"":""4""}","{""ImportId"":""QID35"",""choiceId"":""5""}","{""ImportId"":""QID35"",""choiceId"":""6""}","{""ImportId"":""QID35"",""choiceId"":""7""}","{""ImportId"":""QID35"",""choiceId"":""8""}","{""ImportId"":""QID113_1"",""choiceId"":""1""}","{""ImportId"":""QID113_1"",""choiceId"":""2""}","{""ImportId"":""QID113_7"",""choiceId"":""1""}","{""ImportId"":""QID113_7"",""choiceId"":""2""}","{""ImportId"":""QID113_4"",""choiceId"":""1""}","{""ImportId"":""QID113_4"",""choiceId"":""2""}","{""ImportId"":""QID113_6"",""choiceId"":""1""}","{""ImportId"":""QID113_6"",""choiceId"":""2""}","{""ImportId"":""QID113_5"",""choiceId"":""1""}","{""ImportId"":""QID113_5"",""choiceId"":""2""}","{""ImportId"":""QID130""}","{""ImportId"":""QID130_5_TEXT""}","{""ImportId"":""QID131"",""choiceId"":""1""}","{""ImportId"":""QID131"",""choiceId"":""2""}","{""ImportId"":""QID131"",""choiceId"":""3""}","{""ImportId"":""QID131"",""choiceId"":""4""}","{""ImportId"":""QID134""}","{""ImportId"":""QID161_1"",""choiceId"":""1""}","{""ImportId"":""QID161_1"",""choiceId"":""2""}","{""ImportId"":""QID161_7"",""choiceId"":""1""}","{""ImportId"":""QID161_7"",""choiceId"":""2""}","{""ImportId"":""QID161_4"",""choiceId"":""1""}","{""ImportId"":""QID161_4"",""choiceId"":""2""}","{""ImportId"":""QID161_6"",""choiceId"":""1""}","{""ImportId"":""QID161_6"",""choiceId"":""2""}","{""ImportId"":""QID161_5"",""choiceId"":""1""}","{""ImportId"":""QID161_5"",""choiceId"":""2""}","{""ImportId"":""QID38""}","{""ImportId"":""QID43""}","{""ImportId"":""QID56""}","{""ImportId"":""QID59""}","{""ImportId"":""QID61""}","{""ImportId"":""QID62""}","{""ImportId"":""QID63""}","{""ImportId"":""QID64""}","{""ImportId"":""QID146""}","{""ImportId"":""QID147""}","{""ImportId"":""QID148""}","{""ImportId"":""QID149""}","{""ImportId"":""QID150""}","{""ImportId"":""QID151""}","{""ImportId"":""QID152""}","{""ImportId"":""QID153""}","{""ImportId"":""QID154""}","{""ImportId"":""QID155""}","{""ImportId"":""QID156""}","{""ImportId"":""QID157""}","{""ImportId"":""QID158""}","{""ImportId"":""QID159""}","{""ImportId"":""uid""}"
2019-07-16 01:34:50,2019-07-16 01:39:02,0,76.182.40.69,100,252,1,2019-07-16 01:39:03,R_3kof03YHzPTNWwh,,,,,36.0229034423828125,-78.94640350341796875,anonymous,EN,Chrome,75.0.3770.100,Linux x86_64,1366x768,,1,5,32,3,3,,1.84,2,0,1,2,1,2,2,2,0,2,1,,,,,1,,,,,,,,,,,,,,,,,,,,,,,,,,,,,,,,,,,,,,,,,,,,,,,,,,2,5,1,4,4,3,3,5,1,2,1,3,2,3,1,2,1,4,4,2,5,1,testing2
2019-07-18 20:38:50,2019-07-18 20:42:19,0,152.3.184.192,100,209,1,2019-07-18 20:42:20,R_3p8Py5LqLG1SWs6,,,,,35.996795654296875,-78.89550018310546875,anonymous,EN,Chrome,75.0.3770.100,Linux x86_64,1680x1050,,1,5,32,2,3,,1.81,2,0,1,2,3,2,2,2,0,2,1,,,,,1,,,,,,,,,,,,,,,,,,,,,,,,,,,,,,,,,,,,,,,,,,,,,,,,,,2,5,2,4,4,3,3,5,1,1,1,2,1,3,1,3,2,2,4,3,5,1,testing_1
2019-07-18 21:32:52,2019-07-18 21:33:20,0,152.3.184.192,100,27,1,2019-07-18 21:33:20,R_1qWBIx0p8p6AiA6,,,,,35.996795654296875,-78.89550018310546875,anonymous,EN,Chrome,75.0.3770.100,Linux x86_64,1680x1050,,,,,,,,,,,,,,,,,,,,,,,,,,,,,,,,,,,,,,,,,,,,,,,,,,,,,,,,,,,,,,,,,,,,,,,,,,,,,,,,,,,,,,,,,,,,,,,,testing_1
2019-07-18 21:33:44,2019-07-18 21:33:54,8,152.3.184.192,100,9,1,2019-07-18 21:33:55,R_1DotbOL7dDcyTeF,,,,,35.996795654296875,-78.89550018310546875,anonymous,EN,Chrome,75.0.3770.100,Linux x86_64,1680x1050,,,,,,,,,,,,,,,,,,,,,,,,,,,,,,,,,,,,,,,,,,,,,,,,,,,,,,,,,,,,,,,,,,,,,,,,,,,,,,,,,,,,,,,,,,,,,,,,testing_1
2019-07-18 22:40:52,2019-07-18 22:44:36,0,184.56.48.193,100,223,1,2019-07-18 22:44:37,R_1JIvTXMWrIttkJv,,,,,41.5718994140625,-81.205596923828125,anonymous,EN,Chrome,75.0.3770.90,Linux x86_64,1920x1080,,1,5,35,2,4,anarchist,1,1,0,2,1,3,1,2,2,0,2,2,1,,,,,,,,,,,,,,,,,,,,,,,,,,,,,,,,,,,,,,,,,,,,,,,,,,,,,,1,4,1,5,4,2,3,5,1,1,1,1,1,1,1,2,1,1,4,5,3,2,APEHS2JTA3FZJ
2019-07-18 23:15:43,2019-07-18 23:22:46,0,96.9.245.119,100,423,1,2019-07-18 23:22:47,R_2t4BzuaponNAGXI,,,,,42.8863983154296875,-78.8780975341796875,anonymous,EN,Chrome,75.0.3770.142,Windows NT 6.1,1366x768,AVK1TZJ6OT9HY,2,5,54,2,2,,4.49,2,3,1,2,3,1,1,2,0,2,2,,,1,,,,,,,,,,,,,,,,,,,,,,,,,,,,,,,,,,,,,,,,,,,,,,,,,,,,2,7,1,4,4,5,4,5,2,4,4,2,2,4,2,4,2,4,2,1,4,5,AVK1TZJ6OT9HY
2019-07-19 00:29:03,2019-07-19 00:32:29,0,173.118.88.134,100,205,1,2019-07-19 00:32:29,R_TpSMyCwHNFk7QwF,,,,,41.7415008544921875,-87.59619903564453125,anonymous,EN,Chrome,75.0.3770.129,CrOS x86_64 12105.90.0,1300x731,,1,5,38,2,3,,,1,0,2,2,3,1,2,2,0,2,2,1,,,,,,,,,,,,,,,,,,,,,,,,,,,,,,,,,,,,,,,,,,,,,,,,,,,,,,1,4,1,4,4,3,4,5,2,1,2,2,1,3,2,4,1,2,4,5,3,5,A1YGF0LJJGB30G
2019-07-19 00:36:23,2019-07-19 00:37:54,0,107.184.228.100,100,91,1,2019-07-19 00:37:55,R_3hcNO6iFW5pkvDd,,,,,34.1060028076171875,-118.3607025146484375,anonymous,EN,Chrome,75.0.3770.100,Windows NT 10.0,2560x1080,,1,5,44,2,1,,4.63,1,0,1,2,3,2,2,2,2,2,2,,1,,,,,,,,,,,,,,,,,,,,,,,,,,,,,,,,,,,,,,,,,,,,,,,,,,,,,4,4,3,3,3,3,3,3,3,2,3,3,3,3,3,3,3,3,3,3,3,3,A2KB6FKENIRVWV
2019-07-19 02:37:54,2019-07-19 02:40:58,0,24.161.41.128,100,183,1,2019-07-19 02:40:59,R_2cBi1CbBC9fmRQy,,,,,41.37860107421875,-74.669097900390625,anonymous,EN,Chrome,75.0.3770.142,Windows NT 10.0,1600x900,,2,5,46,2,2,,7,2,1,1,2,3,2,2,2,0,2,2,,1,,,,,,,,,,,,,,,,,,,,,,,,,,,,,,,,,,,,,,,,,,,,,,,,,,,,,3,7,1,5,5,5,5,5,5,5,4,4,5,4,4,4,4,5,3,1,2,5,A3GEHH49HNJM57
2019-07-26 22:40:24,2019-07-26 22:42:24,0,70.176.4.129,100,119,1,2019-07-26 22:42:24,R_eb5rAZA2fiIyo7v,,,,,33.6562957763671875,-112.17060089111328125,anonymous,EN,Chrome,75.0.3770.142,Windows NT 10.0,1360x768,,2,5,56,2,3,,2.01,3,3,1,2,3,2,2,2,0,2,2,,,1,,,,,,,,,,,,,,,,,,,,,,,,,,,,,,,,,,,,,,,,,,,,,,,,,,,,5,5,1,4,4,4,4,4,4,4,2,4,4,3,4,2,4,4,3,4,2,4,A2XQ3CFB5HT2ZQ
2019-07-26 22:58:54,2019-07-26 23:01:42,0,104.235.96.202,100,167,1,2019-07-26 23:01:42,R_bkE2to5OIsn9h61,,,,,42.2595062255859375,-88.85089874267578125,anonymous,EN,Chrome,75.0.3770.142,Windows NT 10.0,1440x900,,1,5,31,2,3,,3.36,1,0,1,2,1,1,1,2,3,1,2,,1,,,,,,,,,,,,,,,,,,,,,,,,,,,,,,,,,,,,,,,,,,,,,,,,,,,,,2,6,1,5,4,4,5,4,5,4,4,5,1,2,2,4,4,3,2,5,4,5,APL2VQM32UG4X
2019-07-26 23:31:39,2019-07-26 23:33:19,0,24.13.174.184,100,99,1,2019-07-26 23:33:21,R_UA9KJHxiSTyuCVH,,,,,41.8867950439453125,-87.63860321044921875,anonymous,EN,Firefox,69.0,Windows NT 10.0,1920x1080,,2,5,25,2,3,,1,1,0,1,2,3,2,2,2,1,2,2,,,1,,,,,,,,,,,,,,,,,,,,,,,,,,,,,,,,,,,,,,,,,,,,,,,,,,,,3,3,1,4,4,3,4,5,2,3,2,3,2,2,1,3,2,1,4,5,4,3,APGX2WZ59OWDN
2019-07-26 23:34:01,2019-07-26 23:36:27,0,108.234.210.45,100,146,1,2019-07-26 23:36:28,R_3h0kXTyLSgmcGSs,,,,,32.3993988037109375,-98.807098388671875,anonymous,EN,Chrome,75.0.3770.142,Windows NT 10.0,1920x1080,,2,5,33,1,1,,2.36,2,1,1,2,3,1,1,2,2,2,2,,1,,,,,,,,,,,,,,,,,,,,,,,,,,,,,,,,,,,,,,,,,,,,,,,,,,,,,2,6,1,4,4,5,5,5,4,4,4,4,2,5,2,4,3,2,3,4,4,4,A1LR0VQIHQUJAM
2019-07-26 23:36:32,2019-07-26 23:38:33,0,24.18.153.117,100,121,1,2019-07-26 23:38:34,R_1Ftus1zIeEPMlgx,,,,,47.3235931396484375,-122.318695068359375,anonymous,EN,Chrome,75.0.3770.142,Windows NT 10.0,2560x1440,,1,5,28,2,3,,3.23,1,0,2,2,3,2,1,2,0,2,2,,,1,,,,,,,,,,,,,,,,,,,,,,,,,,,,,,,,,,,,,,,,,,,,,,,,,,,,3,5,1,4,3,4,4,4,2,4,3,2,3,3,4,3,2,3,3,4,3,4,A2CK0OXMPOR9LE
2019-07-26 23:52:54,2019-07-26 23:57:18,0,73.136.155.223,100,264,1,2019-07-26 23:57:19,R_2ZD1mZXbehRtUfu,,,,,29.673095703125,-95.585601806640625,anonymous,EN,Chrome,75.0.3770.142,Windows NT 6.1,1536x864,,1,5,70,2,1,,4.49,3,2,2,2,3,2,2,2,1,1,2,,,1,,,,,,,,,,,,,,,,,,,,,,,,,,,,,,,,,,,,,,,,,,,,,,,,,,,,2,6,2,4,4,4,4,4,4,1,3,4,1,4,2,1,3,2,5,4,3,4,A1F1TBDHPYAAXT
2019-07-27 00:11:33,2019-07-27 00:14:17,0,98.214.237.154,100,164,1,2019-07-27 00:14:17,R_3MJpEDx9wfMVw7w,,,,,39.858306884765625,-88.938201904296875,anonymous,EN,Chrome,75.0.3770.142,Windows NT 10.0,1920x1080,,1,5,44,2,3,,1.31,1,0,1,,3,2,2,2,0,2,2,1,,,,,,,,,,,,,,,,,,,,,,,,,,,,,,,,,,,,,,,,,,,,,,,,,,,,,,4,2,1,5,4,4,5,5,1,1,1,3,1,1,1,1,1,1,5,5,5,4,AVXEDARJC5HLU
2019-07-27 00:29:15,2019-07-27 00:32:24,0,74.130.64.189,100,188,1,2019-07-27 00:32:24,R_23e15yhfknLErIp,,,,,38.220001220703125,-85.6941986083984375,anonymous,EN,Chrome,75.0.3770.142,Macintosh,1440x900,,2,5,35,2,3,,1,2,1,2,2,3,2,2,2,2,2,2,,,1,,,,,,,,,,,,,,,,,,,,,,,,,,,,,,,,,,,,,,,,,,,,,,,,,,,,3,7,1,4,4,4,5,5,4,4,2,4,3,2,2,2,4,5,2,3,4,4,A3HHDPKL3O3O7Y
2019-07-27 01:30:55,2019-07-27 01:33:50,0,69.176.7.23,100,175,1,2019-07-27 01:33:51,R_2P6946M69dvBbuF,,,,,37.53680419921875,-82.63320159912109375,anonymous,EN,Chrome,75.0.3770.142,Windows NT 6.1,1920x1080,,1,5,31,2,1,,3.01,1,0,1,2,3,2,1,2,0,2,1,,,1,,,,,,,,,,,,,,,,,,,,,,,,,,,,,,,,,,,,,,,,,,,,,,,,,,,,5,6,1,4,4,3,4,4,3,3,2,3,2,2,2,2,2,2,3,3,3,4,A30MP4LXV4MIFD
2019-07-30 22:21:24,2019-07-30 22:24:56,0,73.171.159.9,100,212,1,2019-07-30 22:24:57,R_cCKxqZVzw6FXCKJ,,,,,29.8285064697265625,-81.323699951171875,anonymous,EN,Firefox,68.0,Windows NT 10.0,2560x1440,,1,5,36,2,3,,2.94,1,0,2,1,3,2,2,2,0,2,2,1,,,,,,,,,,,,,,,,,,,,,,,,,,,,,,,,,,,,,,,,,,,,,,,,,,,,,,3,3,2,4,4,4,4,4,3,3,3,2,2,2,2,2,2,3,4,3,3,4,A1VCAMP3XM62R4
2019-07-30 22:48:12,2019-07-30 22:49:36,0,67.189.112.86,100,83,1,2019-07-30 22:49:36,R_BucXl1B2krmPjI5,,,,,45.3993072509765625,-122.6078948974609375,anonymous,EN,Chrome,75.0.3770.100,Macintosh,1440x900,,1,5,30,2,3,,1,2,1,1,2,2,2,2,2,3,2,2,,,,1,,,,,,,,,,,,,,,,,,,,,,,,,,,,,,,,,,,,,,,,,,,,,,,,,,,1,2,1,4,4,5,4,5,2,3,2,2,1,2,2,1,2,1,5,2,2,5,AD70PPBAJSCPV
2019-07-30 23:20:53,2019-07-30 23:24:58,0,146.168.149.220,100,244,1,2019-07-30 23:24:58,R_AKAb4yQInSQ6Env,,,,,38.110504150390625,-76.78279876708984375,anonymous,EN,Chrome,75.0.3770.142,Windows NT 6.1,1600x900,,1,5,53,2,1,,4.52,2,2,1,2,3,1,2,1,0,2,2,1,,,,,,,,,,,,,,,,,,,,,,,,,,,,,,,,,,,,,,,,,,,,,,,,,,,,,,3,7,1,5,5,4,4,5,4,3,1,4,2,2,4,2,4,2,3,5,4,4,A1ZE87WEYCA44A
2019-07-30 23:32:39,2019-07-30 23:36:36,0,47.136.237.60,100,237,1,2019-07-30 23:36:36,R_1ODWWytIo1eqc7D,,,,,34.25439453125,-117.32649993896484375,anonymous,EN,Firefox,68.0,Windows NT 10.0,1366x768,A1BQTDDVCHQM5T,1,6,32,1,3,,3.17,2,3,1,,3,2,2,2,0,1,2,,,1,,,,,,,,,,,,,,,,,,,,,,,,,,,,,,,,,,,,,,,,,,,,,,,,,,,,5,6,1,4,4,4,4,5,3,2,3,2,2,2,3,3,2,3,4,2,4,4,A1BQTDDVCHQM5T
2019-07-30 23:36:50,2019-07-30 23:40:10,0,173.91.17.128,100,199,1,2019-07-30 23:40:10,R_1lauVAgCqzP0Tn1,,,,,41.5052947998046875,-81.55660247802734375,anonymous,EN,Chrome,75.0.3770.100,Windows NT 10.0,1920x1080,,1,5,44,2,1,,3.89,1,0,1,2,3,1,2,2,0,2,1,,1,,,,,,,,,,,,,,,,,,,,,,,,,,,,,,,,,,,,,,,,,,,,,,,,,,,,,2,6,1,5,4,3,3,5,3,2,2,2,2,3,1,2,3,2,4,5,5,4,A3CWEIEY3TGJFX
2019-07-30 23:35:26,2019-07-30 23:41:10,0,68.42.138.254,100,344,1,2019-07-30 23:41:11,R_2RQE3eDli59QZYR,,,,,42.288604736328125,-83.46410369873046875,anonymous,EN,Chrome,75.0.3770.142,Windows NT 10.0,1366x768,,1,5,53,2,3,,3,3,2,1,2,3,2,1,2,2,1,2,,,,,,,1,,,2,,16,,,,,,,,,,,,,,,,1,1,1,1,,,,,1,1,,,,,,,,,,,,,,,,,,1,6,1,5,4,4,5,4,3,2,2,4,5,4,2,4,3,2,1,4,4,5,A1V1JNPU0KOA3X
2019-07-31 00:50:40,2019-07-31 00:54:32,0,47.41.46.244,100,232,1,2019-07-31 00:54:33,R_2uI1E2XZ3G3PGqH,,,,,34.2165985107421875,-117.39080047607421875,anonymous,EN,Chrome,75.0.3770.142,Macintosh,1440x900,,2,5,27,2,2,,2.75,1,1,1,2,1,2,2,2,1,2,1,,,1,,,,,,,,,,,,,,,,,,,,,,,,,,,,,,,,,,,,,,,,,,,,,,,,,,,,3,7,1,4,5,4,4,5,2,3,3,3,4,2,2,2,3,3,3,4,4,4,A1OSESE6RG3NFB
2019-07-31 03:19:51,2019-07-31 03:22:52,0,104.11.61.83,100,180,1,2019-07-31 03:22:52,R_9vE50Ej3pcmIfAJ,,,,,37.95770263671875,-122.0756988525390625,anonymous,EN,Chrome,75.0.3770.142,Windows NT 10.0,1366x768,,1,5,53,2,3,,2.23,2,2,1,,3,2,2,2,1,1,2,,,,1,,,,,,,,,,,,,,,,,,,,,,,,,,,,,,,,,,,,,,,,,,,,,,,,,,,2,6,1,4,5,5,5,5,2,2,1,4,3,1,4,1,4,2,2,1,1,5,A8KX1HFH8NE2Q
2019-07-31 03:56:55,2019-07-31 04:03:10,0,73.219.249.59,100,374,1,2019-07-31 04:03:10,R_6DMMo44AhFma7tf,,,,,42.246307373046875,-70.99720001220703125,anonymous,EN,Firefox,68.0,Windows NT 10.0,1600x900,,1,2,32,2,3,,2.19,1,0,1,2,3,2,2,2,0,2,2,,,1,,,,,,,,,,,,,,,,,,,,,,,,,,,,,,,,,,,,,,,,,,,,,,,,,,,,4,7,1,5,3,3,4,4,3,3,3,2,3,4,1,3,2,4,2,2,5,5,A2TLN8489YGY81
2019-08-01 00:40:54,2019-08-01 00:42:52,0,67.241.232.55,100,118,1,2019-08-01 00:42:53,R_2dKgIlwtTRLggHT,,,,,42.14300537109375,-77.0457000732421875,anonymous,EN,Chrome,75.0.3770.142,Windows NT 10.0,1536x864,,1,5,36,2,1,,1.7,1,0,1,2,3,2,2,2,0,2,2,,,1,,,,,,,,,,,,,,,,,,,,,,,,,,,,,,,,,,,,,,,,,,,,,,,,,,,,2,5,1,4,4,4,4,4,1,2,2,1,2,5,1,3,1,2,3,5,5,3,A1D9ZWU1M46SAF
2019-08-01 00:51:36,2019-08-01 00:54:34,0,104.0.228.108,100,178,1,2019-08-01 00:54:34,R_1pZ5XqC23h6v6Ag,,,,,35.4019927978515625,-94.63320159912109375,anonymous,EN,Firefox,68.0,Windows NT 6.1,1366x768,,1,5,27,2,5,,4.01,1,0,1,,3,2,2,2,0,2,2,1,,,,,,,,,,,,,,,,,,,,,,,,,,,,,,,,,,,,,,,,,,,,,,,,,,,,,,3,5,2,4,4,4,4,4,4,4,2,2,2,2,3,1,3,2,4,5,3,4,A1TSD3O3C3ZUT6
2019-08-01 01:20:16,2019-08-01 01:22:32,0,67.249.185.46,100,136,1,2019-08-01 01:22:33,R_1jCU9qMx1CpuxhX,,,,,43.1042022705078125,-74.7642974853515625,anonymous,EN,Chrome,75.0.3770.142,Windows NT 6.1,1440x900,,1,5,33,2,3,,1.91,2,0,1,,3,2,2,2,0,2,2,1,,,,,,,,,,,,,,,,,,,,,,,,,,,,,,,,,,,,,,,,,,,,,,,,,,,,,,4,7,1,4,4,5,5,5,2,1,2,1,2,1,4,5,4,3,3,1,4,5,A2B227N1NQYS56
2019-08-01 01:23:05,2019-08-01 01:24:29,0,73.198.13.141,100,83,1,2019-08-01 01:24:29,R_ZwVC6nTj9JQeEZb,,,,,39.3773040771484375,-74.61229705810546875,anonymous,EN,Chrome,75.0.3770.142,Macintosh,1440x900,,1,5,28,2,3,,2.83,1,0,1,2,1,2,2,2,2,2,2,,,1,,,,,,,,,,,,,,,,,,,,,,,,,,,,,,,,,,,,,,,,,,,,,,,,,,,,5,5,2,4,2,2,4,4,4,4,2,4,4,4,2,3,4,2,4,2,4,4,A3UV55HC87DO9C
2019-08-01 01:38:02,2019-08-01 01:40:27,0,107.145.113.42,100,145,1,2019-08-01 01:40:27,R_p9LMHsGjPsRwOmR,,,,,28.206207275390625,-80.68740081787109375,anonymous,EN,Chrome,75.0.3770.142,Windows NT 10.0,1920x1080,,1,5,36,2,1,,3.95,1,2,1,2,3,2,2,2,0,2,2,,,1,,,,,,,,,,,,,,,,,,,,,,,,,,,,,,,,,,,,,,,,,,,,,,,,,,,,2,1,1,5,5,4,4,4,1,1,1,2,1,2,2,2,3,1,3,5,3,4,A1L3937MY09J3I
2019-08-01 02:06:43,2019-08-01 02:10:32,0,74.133.130.26,100,229,1,2019-08-01 02:10:32,R_Z4gwgEqafgpFw7D,,,,,39.07049560546875,-84.51599884033203125,anonymous,EN,Chrome,75.0.3770.142,Windows NT 10.0,1366x768,,2,5,23,2,3,,1,1,0,1,2,3,2,1,2,0,2,1,1,,,,,,,,,,,,,,,,,,,,,,,,,,,,,,,,,,,,,,,,,,,,,,,,,,,,,,3,7,1,4,4,5,5,4,3,4,4,2,3,3,3,2,3,3,2,3,4,4,AZOL9C4LAWBCJ
2019-08-01 02:31:40,2019-08-01 02:34:03,0,173.51.196.50,100,142,1,2019-08-01 02:34:03,R_xax42ulaKt3r68x,,,,,34.1230010986328125,-117.8988037109375,anonymous,EN,Chrome,75.0.3770.142,Windows NT 10.0,1536x864,,1,5,20,2,3,,1,1,0,2,1,1,2,2,2,0,2,2,,,1,,,,,,,,,,,,,,,,,,,,,,,,,,,,,,,,,,,,,,,,,,,,,,,,,,,,4,6,1,5,3,4,3,5,1,1,3,2,1,3,1,2,2,2,3,4,5,2,A3957CWJOK0XSI
2019-08-01 02:38:19,2019-08-01 02:41:53,0,99.157.102.220,100,213,1,2019-08-01 02:41:53,R_6rIZbYEHkBlJ1LP,,,,,34.1078033447265625,-84.50260162353515625,anonymous,EN,Chrome,75.0.3770.142,Windows NT 10.0,1920x1080,,1,5,29,2,3,,1.86,1,0,1,,3,1,1,2,0,2,1,1,,,,,,,,,,,,,,,,,,,,,,,,,,,,,,,,,,,,,,,,,,,,,,,,,,,,,,3,5,1,5,4,2,4,5,5,2,2,5,1,5,1,2,4,1,2,4,5,4,AIGUVMQQYYKMN
2019-08-01 02:48:02,2019-08-01 02:49:40,0,74.74.73.244,100,98,1,2019-08-01 02:49:40,R_2zcJknpUfqMwgIK,,,,,42.327392578125,-77.65689849853515625,anonymous,EN,Chrome,75.0.3770.142,Windows NT 10.0,1920x1080,,1,5,27,2,3,,3.94,1,2,1,,,2,2,2,0,2,2,,,1,,,,,,,,,,,,,,,,,,,,,,,,,,,,,,,,,,,,,,,,,,,,,,,,,,,,5,4,1,4,3,5,4,5,2,1,1,2,3,2,1,4,2,3,2,3,5,3,A3V1VK1A3NYN17
2019-07-26 23:42:06,2019-07-26 23:42:12,0,174.106.102.50,7,6,0,2019-08-02 23:42:44,R_1Q3qhFNpLOZXjd2,,,,,,,anonymous,EN,Chrome,66.0.3359.181,Linux x86_64,1600x900,,,,,,,,,,,,,,,,,,,,,,,,,,,,,,,,,,,,,,,,,,,,,,,,,,,,,,,,,,,,,,,,,,,,,,,,,,,,,,,,,,,,,,,,,,,,,,,,AV5FCKI1TTSKR
2019-09-24 21:41:40,2019-09-24 21:43:50,0,152.16.191.74,100,130,1,2019-09-24 21:43:51,R_OClJANZjYvedLeF,,,,,35.996795654296875,-78.89550018310546875,anonymous,EN,Firefox,69.0,Macintosh,2560x1440,,1,,83,3,2,,5.77,1,14,2,1,1,1,2,1,1,1,1,,1,,,,,,1,,,,,,,,,,,,,,,,,,,,,,,,,,,,,,,,,,,,,,,,,,,,,,,3,4,2,2,,,4,4,3,2,4,3,3,3,4,3,4,3,2,2,1,1,Pate
2019-09-30 21:06:04,2019-09-30 21:06:27,0,152.3.184.192,100,23,1,2019-09-30 21:06:27,R_1jcRx4skmk3dY3M,,,,,35.996795654296875,-78.89550018310546875,anonymous,EN,Chrome,77.0.3865.75,Linux x86_64,1680x1050,,,,,,,,,,,,,,,,,,,,,,,,,,,,,,,,,,,,,,,,,,,,,,,,,,,,,,,,,,,,,,,,,,,,,,,,,,,,,,,,,,,,,,,,,,,,,,,,
2019-09-30 21:07:15,2019-09-30 21:07:32,8,152.3.184.192,100,16,1,2019-09-30 21:07:32,R_3g2bENvopShFJXq,,,,,35.996795654296875,-78.89550018310546875,anonymous,EN,Chrome,77.0.3865.75,Linux x86_64,1680x1050,,,,,,,,,,,,,,,,,,,,,,,,,,,,,,,,,,,,,,,,,,,,,,,,,,,,,,,,,,,,,,,,,,,,,,,,,,,,,,,,,,,,,,,,,,,,,,,,
2019-09-30 21:30:24,2019-09-30 21:30:37,8,152.3.184.192,100,13,1,2019-09-30 21:30:38,R_1OBnUCd16yRMTMi,,,,,35.996795654296875,-78.89550018310546875,anonymous,EN,Chrome,77.0.3865.75,Linux x86_64,1680x1050,,,,,,,,,,,,,,,,,,,,,,,,,,,,,,,,,,,,,,,,,,,,,,,,,,,,,,,,,,,,,,,,,,,,,,,,,,,,,,,,,,,,,,,,,,,,,,,,
2019-10-02 21:13:15,2019-10-02 21:16:10,0,96.33.152.178,100,174,1,2019-10-02 21:16:11,R_1IS0vcoTSztih0Q,,,,,30.4429931640625,-90.4385986328125,anonymous,EN,Chrome,77.0.3865.90,Windows NT 6.3,1364x768,,1,5,35,2,2,,7,2,2,1,2,1,2,2,2,2,2,2,,,1,,,,,,,,,,,,,,,,,,,,,,,,,,,,,,,,,,,,,,,,,,,,,,,,,,,,6,5,2,4,5,2,4,4,5,4,4,5,4,4,3,4,5,4,4,5,4,4,AARRC49LFF1O
2019-10-02 21:24:55,2019-10-02 21:27:59,0,70.179.22.113,100,183,1,2019-10-02 21:28:00,R_1E9VncD3zN2K929,,,,,32.744903564453125,-117.16500091552734375,anonymous,EN,Chrome,75.0.3770.100,Windows NT 6.2,1536x864,,1,5,38,2,1,,3.96,1,0,2,2,3,2,2,2,0,2,2,1,,,,,,,,,,,,,,,,,,,,,,,,,,,,,,,,,,,,,,,,,,,,,,,,,,,,,,4,4,2,3,4,4,4,4,3,2,3,3,2,3,4,3,4,4,3,4,3,4,A2YGOORS5N9RW8
2019-10-02 21:39:37,2019-10-02 21:43:38,0,68.188.252.60,100,241,1,2019-10-02 21:43:38,R_331mQV7eOkeXHvG,,,,,43.434295654296875,-84.00910186767578125,anonymous,EN,Chrome,77.0.3865.90,Windows NT 10.0,2560x1080,,1,5,35,2,1,,3.85,1,0,1,,3,2,2,2,0,2,2,1,,,,,,,,,,,,,,,,,,,,,,,,,,,,,,,,,,,,,,,,,,,,,,,,,,,,,,4,6,2,4,5,5,5,5,3,2,2,4,3,5,2,3,3,2,3,5,5,2,AH00EJ6PK1H3A
2019-10-02 22:27:14,2019-10-02 22:29:05,0,99.141.213.29,100,111,1,2019-10-02 22:29:06,R_DMiXkfYRBDAvpMR,,,,,41.873199462890625,-88.0001983642578125,anonymous,EN,Chrome,78.0.3904.34,Windows NT 6.3,1366x768,,1,5,37,2,2,,5.63,1,0,1,,3,2,2,2,0,2,2,1,,,,,,,,,,,,,,,,,,,,,,,,,,,,,,,,,,,,,,,,,,,,,,,,,,,,,,3,6,2,2,4,4,4,4,2,2,2,4,2,4,2,2,2,4,4,2,4,2,A2NA2OJT15COZY
2019-10-02 22:52:44,2019-10-02 22:57:45,0,130.111.64.38,100,300,1,2019-10-02 22:57:45,R_3gTuCUazWyqY59i,,,,,45.0028076171875,-68.63339996337890625,anonymous,EN,Chrome,77.0.3865.90,Windows NT 10.0,1920x1080,AIUOH9YE27PQ2,1,5,40,2,2,,6.8,2,3,1,2,2,2,2,2,12,2,2,,,1,,,,,,,,,,,,,,,,,,,,,,,,,,,,,,,,,,,,,,,,,,,,,,,,,,,,5,6,1,5,4,4,3,4,4,4,4,5,4,4,4,5,4,,4,4,3,4,AIUOH9YE27PQ2
2019-10-02 23:01:51,2019-10-02 23:04:27,0,76.218.225.87,100,156,1,2019-10-02 23:04:28,R_3kj2HqkNSDgZnX6,,,,,38.4561004638671875,-122.64009857177734375,anonymous,EN,Chrome,77.0.3865.90,Windows NT 10.0,1536x864,,1,5,60,2,3,,1,2,1,1,2,3,1,2,2,1,1,1,,,1,,,,,,,,,,,,,,,,,,,,,,,,,,,,,,,,,,,,,,,,,,,,,,,,,,,,1,6,2,3,4,4,4,4,2,1,2,2,1,3,2,3,3,2,3,3,3,4,A3HSONMX6LNZR4
2019-10-03 04:21:38,2019-10-03 04:25:08,0,96.236.21.224,100,209,1,2019-10-03 04:25:08,R_1oHXmWN499p8yz7,,,,,42.7198028564453125,-73.82070159912109375,anonymous,EN,Chrome,77.0.3865.90,Windows NT 10.0,1280x720,,2,5,55,2,3,,3.49,2,2,2,2,3,2,2,2,2,1,2,1,,,,,,,,,,,,,,,,,,,,,,,,,,,,,,,,,,,,,,,,,,,,,,,,,,,,,,2,7,1,4,4,4,4,5,4,4,3,2,2,3,3,2,2,2,2,2,3,4,A3OPXWTBJZ37M8
2019-10-03 23:26:32,2019-10-03 23:30:11,0,24.9.233.63,100,218,1,2019-10-03 23:30:11,R_1NDHxjsS7LRurRw,,,,,40.3849945068359375,-104.68060302734375,anonymous,EN,Chrome,77.0.3865.90,Windows NT 10.0,1920x1080,,1,5,33,2,1,,2.11,1,0,1,,3,2,2,2,1,2,2,,1,,,,,,,,,,,,,,,,,,,,,,,,,,,,,,,,,,,,,,,,,,,,,,,,,,,,,5,6,2,4,4,5,4,4,5,3,4,2,2,5,2,4,3,2,2,4,4,2,ABNJUVNHFVINU
2019-10-03 23:29:32,2019-10-03 23:32:39,0,104.5.21.103,100,186,1,2019-10-03 23:32:39,R_pguJUixe32sxsYN,,,,,41.6226959228515625,-86.24520111083984375,anonymous,EN,Chrome,77.0.3865.90,Windows NT 10.0,1366x768,,2,5,41,2,3,,1,3,1,1,2,3,2,2,2,0,2,2,,,,1,,,,,,,,,,,,,,,,,,,,,,,,,,,,,,,,,,,,,,,,,,,,,,,,,,,3,6,1,5,3,3,4,4,4,3,4,4,3,4,2,4,4,2,3,2,4,2,A1VVR9MA1P9HWJ
2019-10-03 23:50:42,2019-10-03 23:53:36,0,206.74.105.224,100,174,1,2019-10-03 23:53:36,R_3rMv76US2w9v3tt,,,,,34.3343963623046875,-82.40019989013671875,anonymous,EN,Chrome,77.0.3865.75,Macintosh,2560x1440,,2,5,55,2,3,,1,1,0,1,,3,2,2,2,0,1,2,,,1,,,,,,,,,,,,,,,,,,,,,,,,,,,,,,,,,,,,,,,,,,,,,,,,,,,,2,5,1,4,4,4,4,5,1,2,2,2,2,2,1,2,1,2,3,4,3,4,A1SHLWKA0UH1IS
2019-10-04 00:22:18,2019-10-04 00:25:58,0,67.54.180.212,100,219,1,2019-10-04 00:25:58,R_9FdgG7DgGA6wHCx,,,,,36.57159423828125,-87.73780059814453125,anonymous,EN,Firefox,69.0,Windows NT 10.0,1366x768,,2,5,49,2,1,,2.72,2,2,1,,3,2,2,2,0,1,1,,1,,,,,,,,,,,,,,,,,,,,,,,,,,,,,,,,,,,,,,,,,,,,,,,,,,,,,4,7,1,4,4,3,4,5,4,2,4,4,4,2,2,3,2,5,2,4,3,5,AX82BZBEUJUBU
2019-10-04 01:13:20,2019-10-04 01:21:53,0,24.16.133.94,100,513,1,2019-10-04 01:21:54,R_3iRvwWClJ2Ex99L,,,,,47.61309814453125,-122.20529937744140625,anonymous,EN,Chrome,77.0.3865.90,Windows NT 10.0,1366x768,,2,5,60,2,1,,6.02,3,2,1,2,3,2,1,2,6,2,1,1,,,,,,,,,,,,,,,,,,,,,,,,,,,,,,,,,,,,,,,,,,,,,,,,,,,,,,4,6,1,5,4,4,4,4,2,4,3,4,2,4,2,4,4,2,2,2,4,4,A3TKB1M7O6PXBA
2019-10-04 01:32:03,2019-10-04 01:35:12,0,73.230.55.35,100,189,1,2019-10-04 01:35:13,R_3ek8tMQMsgyB90Y,,,,,40.548797607421875,-75.987396240234375,anonymous,EN,Firefox,69.0,Windows NT 6.1,1920x1080,,1,5,35,2,2,,5.15,1,1,1,2,1,2,2,2,0,2,2,1,,,,,,,,,,,,,,,,,,,,,,,,,,,,,,,,,,,,,,,,,,,,,,,,,,,,,,3,7,1,5,4,4,4,5,4,2,2,3,2,2,2,2,2,5,3,4,3,3,A3IMB1JAMHP1KK
2019-10-04 01:57:20,2019-10-04 02:03:18,0,107.202.124.147,100,358,1,2019-10-04 02:03:18,R_1ZdVemFrbsgl8tz,,,,,26.6396026611328125,-80.08270263671875,anonymous,EN,Chrome,77.0.3865.90,Windows NT 10.0,1366x768,,2,5,67,2,3,,2.96,4,2,2,2,3,2,1,2,1,2,2,1,,,,,,,,,,,,,,,,,,,,,,,,,,,,,,,,,,,,,,,,,,,,,,,,,,,,,,1,5,1,4,4,4,4,5,2,5,2,4,3,4,2,3,3,4,2,2,4,4,AOOLS8280CL0Z
2019-10-04 03:02:03,2019-10-04 03:05:14,0,184.61.192.209,100,190,1,2019-10-04 03:05:14,R_3gLblcTBwYzwBCS,,,,,44.7996978759765625,-89.68450164794921875,anonymous,EN,Firefox,69.0,Windows NT 10.0,1920x1080,,1,5,28,2,1,,3.3,1,0,1,2,3,2,1,2,0,2,1,1,,,,,,,,,,,,,,,,,,,,,,,,,,,,,,,,,,,,,,,,,,,,,,,,,,,,,,2,4,1,4,4,5,5,5,3,5,3,2,1,3,1,3,1,2,3,3,5,4,A2IP3ZAFYGV8M9
2019-10-07 18:23:52,2019-10-07 18:27:40,0,35.136.105.139,100,228,1,2019-10-07 18:27:40,R_1mCp0FKxg67exxT,,,,,28.3022003173828125,-82.62640380859375,anonymous,EN,Chrome,77.0.3865.90,Windows NT 10.0,1920x1080,A2APG8MSLJ6G2K,2,5,69,2,2,,5.93,3,0,1,2,3,2,2,2,2,2,2,,1,,,,,,,,,,,,,,,,,,,,,,,,,,,,,,,,,,,,,,,,,,,,,,,,,,,,,4,5,2,4,3,5,4,4,3,2,4,3,3,2,4,4,4,4,4,2,4,4,A2APG8MSLJ6G2K
2019-10-07 18:54:33,2019-10-07 18:58:02,0,174.216.32.97,100,208,1,2019-10-07 18:58:03,R_qOT9nn6RICMTxwl,,,,,47.5740966796875,-122.39749908447265625,anonymous,EN,Chrome,77.0.3865.90,Windows NT 10.0,1366x768,,2,5,64,2,2,,7,3,3,1,,3,2,2,2,1,2,2,1,,,,,,,,,,,,,,,,,,,,,,,,,,,,,,,,,,,,,,,,,,,,,,,,,,,,,,4,6,1,4,4,4,4,4,3,4,4,5,3,5,2,4,2,4,3,3,4,3,AOS2PVHT2HYTL
2019-10-07 19:08:22,2019-10-07 19:12:20,0,107.11.182.13,100,237,1,2019-10-07 19:12:20,R_sikqvvMBQIonHZD,,,,,40.2754058837890625,-81.865997314453125,anonymous,EN,Chrome,77.0.3865.90,Windows NT 10.0,1366x768,,2,5,44,2,3,,2.99,2,2,1,2,3,1,2,2,5,1,2,,,1,,,,,,,,,,,,,,,,,,,,,,,,,,,,,,,,,,,,,,,,,,,,,,,,,,,,2,6,1,5,4,4,4,5,2,2,2,3,2,4,2,2,2,2,3,4,5,2,A1JJYY622DGE5L
2019-10-07 19:29:06,2019-10-07 19:32:26,0,107.77.233.82,100,200,1,2019-10-07 19:32:26,R_Y5HynvpOKJ3kf2V,,,,,37.751007080078125,-97.82199859619140625,anonymous,EN,Chrome,77.0.3865.90,Macintosh,1440x900,,2,6,35,2,1,,3.73,3,0,1,2,3,2,2,2,0,2,2,,,1,,,,,,,,,,,,,,,,,,,,,,,,,,,,,,,,,,,,,,,,,,,,,,,,,,,,2,7,2,4,5,4,4,5,4,4,4,2,4,4,1,4,2,1,2,1,4,4,A3D2GO0IFRFN6R
2019-10-07 19:49:00,2019-10-07 19:53:23,0,172.93.116.78,100,263,1,2019-10-07 19:53:24,R_2SqumoAJeX5hVT4,,,,,36.72430419921875,-119.54779815673828125,anonymous,EN,Chrome,77.0.3865.90,Windows NT 10.0,1536x864,,2,5,47,2,2,,5.37,2,3,1,,3,2,2,2,1,1,2,,,1,,,,,,,,,,,,,,,,,,,,,,,,,,,,,,,,,,,,,,,,,,,,,,,,,,,,3,5,2,4,4,4,4,4,4,4,2,3,2,2,2,2,3,3,2,2,2,4,A2KE8L6S2ADRNR
2019-10-07 20:14:59,2019-10-07 20:23:31,0,108.242.223.13,100,511,1,2019-10-07 20:23:31,R_2YQdgsLUbh11dVG,,,,,33.570404052734375,-101.86260223388671875,anonymous,EN,Firefox,52.0,Windows NT 5.1,1024x768,A36O6HV8LCXLJR,1,5,68,2,5,,3.96,1,0,1,2,3,2,2,2,0,2,2,,,1,,,,,,,,,,,,,,,,,,,,,,,,,,,,,,,,,,,,,,,,,,,,,,,,,,,,1,7,1,3,5,5,5,5,2,1,3,2,1,4,1,4,2,3,2,3,5,2,A36O6HV8LCXLJR
2019-10-07 21:13:36,2019-10-07 21:17:06,0,69.244.173.44,100,210,1,2019-10-07 21:17:07,R_3nTNCJqBRewMDOV,,,,,42.514801025390625,-82.99669647216796875,anonymous,EN,Chrome,77.0.3865.105,CrOS x86_64 12371.75.0,1366x768,,2,5,35,2,3,,1,2,0,1,2,3,2,2,2,2,2,2,,1,,,,,,,,,,,,,,,,,,,,,,,,,,,,,,,,,,,,,,,,,,,,,,,,,,,,,4,6,1,4,5,5,5,5,3,4,3,4,3,4,3,4,3,2,3,3,5,2,A2J9U65SKT4TJW
2019-10-07 21:42:27,2019-10-07 21:44:42,0,192.25.7.194,100,135,1,2019-10-07 21:44:42,R_2CIWlSNLQSZk7bl,,,,,38.9300994873046875,-104.8441009521484375,anonymous,EN,Chrome,77.0.3865.90,Windows NT 10.0,1680x1050,,2,5,33,2,3,,1.09,2,1,1,,3,2,1,2,1,2,2,,,,1,,,,,,,,,,,,,,,,,,,,,,,,,,,,,,,,,,,,,,,,,,,,,,,,,,,4,6,2,4,4,2,4,4,1,4,3,3,2,4,2,1,2,3,2,3,3,4,A3IPVESY1MUTW1
2019-10-07 22:34:21,2019-10-07 22:39:23,0,184.90.92.184,100,302,1,2019-10-07 22:39:24,R_3qxIXk7xWYnd8td,,,,,28.57269287109375,-80.8206024169921875,anonymous,EN,Chrome,77.0.3865.90,Windows NT 10.0,1197x673,,2,5,,2,1,,3.52,3,1,1,,3,2,2,2,0,2,2,,1,,,,,,,,,,,,,,,,,,,,,,,,,,,,,,,,,,,,,,,,,,,,,,,,,,,,,2,7,1,5,5,5,5,5,1,1,1,5,2,5,1,2,1,2,2,5,4,4,A1BIJGB7XA0GME
2019-10-16 02:18:22,2019-10-16 02:23:42,0,173.198.160.217,100,319,1,2019-10-16 02:23:42,R_1oGNU5n0QABdgYM,,,,,43.9629974365234375,-111.7035980224609375,anonymous,EN,Chrome,77.0.3865.120,Windows NT 10.0,1093x615,,2,5,60,2,1,,3.64,2,6,1,2,3,2,2,2,0,2,1,,1,,,,,,,,,,,,,,,,,,,,,,,,,,,,,,,,,,,,,,,,,,,,,,,,,,,,,3,6,2,3,5,4,5,5,2,3,3,3,2,4,3,3,3,2,4,4,3,4,A3KP8KFGG6734Q
2019-10-16 02:45:51,2019-10-16 02:50:34,0,97.114.36.12,100,283,1,2019-10-16 02:50:34,R_1kZI67wTIRPreYl,,,,,34.9463958740234375,-92.03220367431640625,anonymous,EN,Chrome,77.0.3865.120,Windows NT 10.0,1920x1080,,1,5,54,2,2,,7,1,0,1,2,1,2,1,2,0,2,1,1,,,,,,,,,,,,,,,,,,,,,,,,,,,,,,,,,,,,,,,,,,,,,,,,,,,,,,1,7,1,4,2,4,1,2,4,1,4,2,1,5,1,5,1,5,5,5,4,4,A2R8IV2PWFTY00
2019-10-16 02:50:59,2019-10-16 02:54:28,0,108.233.81.229,100,209,1,2019-10-16 02:54:28,R_3NUpWUkP1S2WETC,,,,,37.6864013671875,-121.7653961181640625,anonymous,EN,Chrome,77.0.3865.90,Windows NT 10.0,1536x864,,2,5,45,2,1,,3.49,2,2,2,2,3,2,1,2,0,2,2,,,1,,,,,,,,,,,,,,,,,,,,,,,,,,,,,,,,,,,,,,,,,,,,,,,,,,,,2,6,2,4,4,4,5,5,2,4,4,2,2,1,2,2,4,2,2,1,4,2,A2GOYSTIL3LOV1
2019-10-16 04:04:15,2019-10-16 04:08:24,0,73.185.33.111,100,249,1,2019-10-16 04:08:24,R_2EfQDOKSyeZcBFW,,,,,36.2017059326171875,-119.3401947021484375,anonymous,EN,Chrome,77.0.3865.120,Windows NT 10.0,1920x1080,,1,5,39,2,2,,4.9,2,3,1,,3,1,2,2,0,2,1,,1,,,,,,,,,,,,,,,,,,,,,,,,,,,,,,,,,,,,,,,,,,,,,,,,,,,,,5,6,1,4,4,4,4,3,4,1,2,2,1,2,3,2,3,4,4,3,4,4,A2LPLM3X5PW1GL
2019-10-16 04:08:24,2019-10-16 04:10:11,0,69.47.35.104,100,107,1,2019-10-16 04:10:12,R_1mPZO65jPwtZqxk,,,,,41.690399169921875,-87.61569976806640625,anonymous,EN,Chrome,77.0.3865.90,Windows NT 10.0,1536x864,,1,3,35,2,2,,1.86,2,2,1,2,3,2,2,2,0,2,2,,,1,,,,,,,,,,,,,,,,,,,,,,,,,,,,,,,,,,,,,,,,,,,,,,,,,,,,6,5,2,2,3,5,1,2,4,2,1,2,4,3,3,2,4,4,4,2,3,4,A14WLAP6TCEKO0
2019-10-16 04:23:35,2019-10-16 04:25:51,0,104.0.228.108,100,136,1,2019-10-16 04:25:52,R_2fJNkP6j5EWXNNl,,,,,35.24920654296875,-94.62650299072265625,anonymous,EN,Chrome,77.0.3865.120,Windows NT 6.1,1366x768,,1,5,28,2,1,,4.19,1,0,1,2,3,2,1,2,0,2,1,1,,,,,,,,,,,,,,,,,,,,,,,,,,,,,,,,,,,,,,,,,,,,,,,,,,,,,,4,6,2,4,4,5,4,4,4,3,2,3,4,3,3,2,4,2,4,5,3,3,A1TSD3O3C3ZUT6
2019-10-16 04:40:55,2019-10-16 04:44:24,0,206.255.61.92,100,209,1,2019-10-16 04:44:25,R_2U2Uk46QWyTNmV2,,,,,34.5391998291015625,-93.06529998779296875,anonymous,EN,Chrome,77.0.3865.120,Windows NT 10.0,1536x864,,2,5,53,2,2,,5.05,2,0,1,,3,2,1,2,0,2,2,,,1,,,,,,,,,,,,,,,,,,,,,,,,,,,,,,,,,,,,,,,,,,,,,,,,,,,,2,5,1,4,4,5,5,5,2,2,2,4,2,1,2,4,2,4,2,2,4,4,A136K9Y7E4C3G
2019-10-18 20:25:08,2019-10-18 20:28:22,0,72.208.174.93,100,194,1,2019-10-18 20:28:23,R_ddsxbBpHYNbhyCt,,,,,33.6338043212890625,-112.20659637451171875,anonymous,EN,Chrome,77.0.3865.120,Windows NT 10.0,1242x699,,2,5,44,2,5,,3.86,1,1,2,1,3,2,2,2,0,2,2,1,,,,,,,,,,,,,,,,,,,,,,,,,,,,,,,,,,,,,,,,,,,,,,,,,,,,,,1,5,1,4,5,5,4,5,2,2,1,4,2,1,2,1,4,2,4,1,1,5,AI4AO0O0WIJF7
2019-10-18 20:32:29,2019-10-18 20:37:40,0,146.71.77.191,100,310,1,2019-10-18 20:37:42,R_3FLMFOd6Fe1XAX8,,,,,37.751007080078125,-97.82199859619140625,anonymous,EN,Chrome,77.0.3865.120,Windows NT 6.3,1366x768,,2,5,25,1,2,,6.2,1,0,1,2,3,2,2,2,2,2,2,,,1,,,,,,,,,,,,,,,,,,,,,,,,,,,,,,,,,,,,,,,,,,,,,,,,,,,,6,5,4,4,5,4,4,4,4,4,4,4,5,4,4,5,4,4,4,4,5,4,A25WGTFYA70QGZ
2019-10-18 20:42:00,2019-10-18 20:45:09,0,173.23.42.244,100,189,1,2019-10-18 20:45:09,R_vOkHK3QU3EmQXVD,,,,,42.0807037353515625,-88.516998291015625,anonymous,EN,Chrome,77.0.3865.90,Linux i686,1024x768,,2,6,39,1,2,,4.35,2,0,1,,3,2,1,2,0,2,2,,1,,,,,,,,,,,,,,,,,,,,,,,,,,,,,,,,,,,,,,,,,,,,,,,,,,,,,4,4,2,4,4,4,4,4,2,3,4,3,3,3,2,2,3,3,4,2,3,4,ARWF605I7RWM7
2019-10-18 20:55:03,2019-10-18 21:00:01,0,73.87.146.229,100,297,1,2019-10-18 21:00:01,R_2AHfL2sVIzAHKNJ,,,,,39.3733062744140625,-76.72789764404296875,anonymous,EN,Firefox,69.0,Windows NT 10.0,1920x1200,,1,5,62,2,2,,5.35,3,0,1,,3,2,2,2,0,1,2,,,1,,,,,,,,,,,,,,,,,,,,,,,,,,,,,,,,,,,,,,,,,,,,,,,,,,,,4,6,1,3,4,4,4,4,3,2,3,2,2,2,2,4,2,3,2,4,4,4,A21HHFPT6CRWBI
2019-10-18 21:02:44,2019-10-18 21:05:18,0,68.179.240.85,100,153,1,2019-10-18 21:05:19,R_2YigGZeeCLOh8nb,,,,,35.6027069091796875,-92.274200439453125,anonymous,EN,Chrome,77.0.3865.90,Windows NT 6.1,1536x864,,1,5,51,2,2,,5.04,2,2,1,2,3,2,2,2,5,1,2,,,,1,,,,,,,,,,,,,,,,,,,,,,,,,,,,,,,,,,,,,,,,,,,,,,,,,,,2,6,1,4,4,4,4,4,3,2,2,2,1,2,2,4,2,2,4,2,4,4,A30HUZHJBOX1LK
2019-10-18 21:18:27,2019-10-18 21:21:51,0,104.236.205.233,100,204,1,2019-10-18 21:21:51,R_2QQlu1RpzbwNMNf,,,,,40.836395263671875,-74.14029693603515625,anonymous,EN,Chrome,77.0.3865.120,Windows NT 6.1,1366x768,,2,3,30,2,3,,2.26,2,2,1,,3,2,2,2,0,2,2,,,1,,,,,,,,,,,,,,,,,,,,,,,,,,,,,,,,,,,,,,,,,,,,,,,,,,,,5,6,1,4,4,4,4,4,4,4,2,4,4,4,2,4,2,2,2,2,2,4,A8TIL9U6YHG5
2019-10-18 21:25:01,2019-10-18 21:31:07,0,100.8.235.23,100,366,1,2019-10-18 21:31:07,R_1q1zl6idP2horo6,,,,,40.8491973876953125,-73.97350311279296875,anonymous,EN,Chrome,76.0.3809.132,Windows NT 10.0,1366x768,AHOQWPD49OMW3,1,5,46,2,1,,7,2,3,1,2,3,2,2,2,2,2,2,,,1,,,,,,,,,,,,,,,,,,,,,,,,,,,,,,,,,,,,,,,,,,,,,,,,,,,,7,7,3,4,5,5,5,5,4,5,2,5,3,4,2,3,3,3,3,2,5,4,AHOQWPD49OMW3
2019-10-18 21:36:47,2019-10-18 21:39:13,0,71.227.90.0,100,145,1,2019-10-18 21:39:13,R_2AXefhMUjer4rOv,,,,,42.4940948486328125,-82.8990020751953125,anonymous,EN,Firefox,68.0,Windows NT 6.3,1366x768,,1,5,34,2,1,,3.79,1,0,1,2,3,2,2,2,0,1,2,,,1,,,,,,,,,,,,,,,,,,,,,,,,,,,,,,,,,,,,,,,,,,,,,,,,,,,,3,6,1,5,5,5,5,5,2,2,4,2,3,4,2,2,2,4,2,5,5,4,AFK9ALQK5GPNG
2019-10-18 21:54:22,2019-10-18 21:56:02,0,24.253.136.171,100,99,1,2019-10-18 21:56:03,R_3HLJd2dWAUIUd9n,,,,,36.796905517578125,-76.1797027587890625,anonymous,EN,Firefox,69.0,Windows NT 10.0,1366x768,,2,3,33,2,3,,4.82,1,3,1,1,1,1,2,2,,2,2,1,,,,,,,,,,,,,,,,,,,,,,,,,,,,,,,,,,,,,,,,,,,,,,,,,,,,,,5,5,3,3,3,3,3,3,3,3,3,3,3,3,3,3,3,3,3,3,3,3,A2BWKA537OTIN1
2019-10-18 21:53:43,2019-10-18 21:56:32,0,45.56.161.188,100,168,1,2019-10-18 21:56:32,R_1JXznbiaxEnQ5ld,,,,,40.7592010498046875,-111.8874969482421875,anonymous,EN,Chrome,77.0.3865.120,Windows NT 10.0,1366x768,,2,3,29,2,3,,3.1,1,0,1,,3,2,2,2,2,2,2,,,1,,,,,,,,,,,,,,,,,,,,,,,,,,,,,,,,,,,,,,,,,,,,,,,,,,,,4,4,1,4,4,4,4,4,4,4,4,4,4,4,4,4,4,4,4,4,4,4,APMV6M7BG0JW8
2019-10-18 21:56:09,2019-10-18 21:58:33,0,73.54.175.209,100,144,1,2019-10-18 21:58:33,R_3stNEkwRM3UVFWH,,,,,33.8972015380859375,-84.59200286865234375,anonymous,EN,Chrome,77.0.3865.105,CrOS x86_64 12371.75.1,1517x853,,2,5,44,2,3,,2.98,1,0,1,,1,1,1,2,0,2,1,1,,,,,,,,,,,,,,,,,,,,,,,,,,,,,,,,,,,,,,,,,,,,,,,,,,,,,,1,7,1,5,4,2,4,5,4,2,3,3,1,5,2,4,2,1,4,5,5,3,A1B14CS9DW7008
2019-10-18 22:22:04,2019-10-18 22:23:11,0,179.52.240.159,100,66,1,2019-10-18 22:23:11,R_1hVTXlZPOE6rWhJ,,,,,18.4656982421875,-69.8939971923828125,anonymous,EN,Chrome,77.0.3865.120,Windows NT 10.0,1536x864,,1,3,29,2,3,,5.25,2,2,1,2,1,2,2,2,0,2,2,,,1,,,,,,,,,,,,,,,,,,,,,,,,,,,,,,,,,,,,,,,,,,,,,,,,,,,,6,2,4,2,4,3,4,2,4,2,4,2,4,4,3,4,2,4,2,4,3,4,ATP43ZVI1RP0C
2019-10-18 22:21:51,2019-10-18 22:24:56,0,68.82.252.40,100,185,1,2019-10-18 22:24:56,R_29nczOdBBNdzHPY,,,,,40.107696533203125,-75.27960205078125,anonymous,EN,Chrome,77.0.3865.120,Windows NT 10.0,1280x720,,2,5,35,2,3,,4.94,1,2,1,2,3,1,2,2,0,2,1,1,,,,,,,,,,,,,,,,,,,,,,,,,,,,,,,,,,,,,,,,,,,,,,,,,,,,,,2,7,1,4,4,4,4,4,4,4,4,2,2,2,5,4,2,2,2,1,4,5,A40LS4KPS01IV
2019-10-18 22:21:52,2019-10-18 22:25:50,0,71.185.53.140,100,237,1,2019-10-18 22:25:50,R_24pcTdGfNNrw2Ph,,,,,39.8643035888671875,-75.433197021484375,anonymous,EN,Chrome,77.0.3865.105,CrOS x86_64 12371.75.0,1366x768,,2,5,,2,3,,3.2,2,2,2,1,3,2,2,2,0,2,2,1,,,,,,,,,,,,,,,,,,,,,,,,,,,,,,,,,,,,,,,,,,,,,,,,,,,,,,4,4,2,3,4,4,4,3,3,4,3,3,4,2,3,4,3,3,2,2,3,4,AA4O2W236E3FW
2019-10-18 23:07:46,2019-10-18 23:12:54,0,76.104.104.130,100,307,1,2019-10-18 23:12:54,R_3GeWJwTsUvP0xgf,,,,,37.1819000244140625,-77.38539886474609375,anonymous,EN,Chrome,77.0.3865.120,Windows NT 10.0,1280x720,,2,5,44,2,3,,1,3,0,2,2,3,2,1,2,0,2,2,,,,,,,1,,,2,,3,,,,,,,,,,,,,,,,1,,1,,,,,,,,,,,,,,,,,,,,,,,,,2,6,1,5,5,5,5,5,2,2,2,2,2,3,1,4,1,2,2,2,3,3,AECDIRXC7CBY2
2019-10-18 23:22:38,2019-10-18 23:26:19,0,47.204.36.108,100,221,1,2019-10-18 23:26:19,R_Byslvq18QKltEBz,,,,,28.0946044921875,-81.49900054931640625,anonymous,EN,Chrome,77.0.3865.120,Windows NT 10.0,1366x768,A2XPWASDT8AYXH,1,5,51,1,1,,4.91,2,0,1,,3,2,2,2,0,1,2,,,1,,,,,,,,,,,,,,,,,,,,,,,,,,,,,,,,,,,,,,,,,,,,,,,,,,,,7,7,1,5,5,5,5,5,1,1,1,1,1,1,1,4,1,1,1,1,1,5,A2XPWASDT8AYXH
2019-10-18 23:27:16,2019-10-18 23:29:23,0,173.215.15.248,100,126,1,2019-10-18 23:29:23,R_1hLImV1bcHQRzoq,,,,,42.0193939208984375,-92.1045989990234375,anonymous,EN,Chrome,77.0.3865.120,Windows NT 10.0,1920x1080,,2,5,48,2,2,,7,2,2,1,2,3,2,2,2,0,2,2,,1,,,,,,,,,,,,,,,,,,,,,,,,,,,,,,,,,,,,,,,,,,,,,,,,,,,,,4,6,1,4,4,4,3,5,3,2,3,4,2,4,1,3,2,4,4,3,4,3,A2ESE3IBTNAEB7
2019-10-18 23:51:10,2019-10-18 23:52:00,0,66.214.10.101,100,50,1,2019-10-18 23:52:01,R_RlsP6YDpyTVmLYt,,,,,33.7902984619140625,-118.12149810791015625,anonymous,EN,Chrome,77.0.3865.120,Windows NT 10.0,1920x1080,,2,2,28,2,3,,2,1,,1,2,3,2,2,2,0,2,2,,1,,,,,,,,,,,,,,,,,,,,,,,,,,,,,,,,,,,,,,,,,,,,,,,,,,,,,4,5,3,3,4,4,3,4,3,4,3,3,3,3,2,3,3,4,3,3,4,4,A230GPTWWF3SE7
2019-10-18 23:53:33,2019-10-18 23:57:38,0,97.103.159.56,100,245,1,2019-10-18 23:57:39,R_2QrppiekAxeMHlI,,,,,28.1403961181640625,-80.651397705078125,anonymous,EN,Chrome,77.0.3865.120,Windows NT 10.0,1536x960,,2,5,59,2,3,,2.53,2,3,2,2,3,2,2,2,0,1,1,,1,,,,,,,,,,,,,,,,,,,,,,,,,,,,,,,,,,,,,,,,,,,,,,,,,,,,,2,6,1,4,4,4,4,4,4,2,2,2,1,1,4,5,2,3,4,1,3,5,A1JJNB108BPMRN
2019-10-19 00:37:07,2019-10-19 00:40:21,0,68.132.115.98,100,194,1,2019-10-19 00:40:21,R_2S2FuifyAm3wnHq,,,,,40.7621002197265625,-73.331298828125,anonymous,EN,Firefox,69.0,Macintosh,1280x800,,1,5,43,2,3,,1.02,1,0,1,2,3,2,2,2,0,2,2,,,1,,,,,,,,,,,,,,,,,,,,,,,,,,,,,,,,,,,,,,,,,,,,,,,,,,,,2,6,1,5,4,4,3,4,2,1,3,3,4,4,1,1,4,2,2,3,3,5,A53S7J4JGWG38
2019-10-19 00:44:51,2019-10-19 00:47:15,0,98.117.29.151,100,144,1,2019-10-19 00:47:15,R_3FJ7d1TVb9TaKMH,,,,,40.34039306640625,-76.78820037841796875,anonymous,EN,Firefox,69.0,Windows NT 10.0,1360x768,,1,5,29,2,3,,1,1,0,1,,3,2,2,2,0,2,2,,,1,,,,,,,,,,,,,,,,,,,,,,,,,,,,,,,,,,,,,,,,,,,,,,,,,,,,2,7,1,4,4,4,4,5,1,1,1,1,1,1,1,2,1,2,5,4,4,5,A1P47Q6LZPLQ6P
2019-10-19 00:56:33,2019-10-19 01:02:06,0,172.75.11.4,100,332,1,2019-10-19 01:02:06,R_1puviJESGrzxmGw,,,,,33.8820037841796875,-80.40399932861328125,anonymous,EN,Chrome,77.0.3865.75,Windows NT 10.0,1366x768,,2,3,54,2,3,,3.96,2,2,2,1,3,2,2,2,0,1,2,1,,,,,,,,,,,,,,,,,,,,,,,,,,,,,,,,,,,,,,,,,,,,,,,,,,,,,,2,6,1,4,4,4,4,5,2,2,3,4,2,2,2,4,2,5,4,4,4,4,AYW6H3GAHFDRG
2019-10-19 01:33:43,2019-10-19 01:35:55,0,73.209.168.89,100,132,1,2019-10-19 01:35:56,R_2Qu14UFIMZRWaYz,,,,,41.956298828125,-87.86920166015625,anonymous,EN,Chrome,77.0.3865.90,Windows NT 10.0,1366x768,,2,5,29,2,3,,1.31,1,0,1,,3,2,1,2,0,2,2,,,,1,,,,,,,,,,,,,,,,,,,,,,,,,,,,,,,,,,,,,,,,,,,,,,,,,,,5,6,1,4,4,3,4,5,1,2,1,2,1,1,1,1,1,1,3,4,5,2,A2PBYJGWVOA933
2019-10-19 01:40:51,2019-10-19 01:44:20,0,73.219.171.53,100,208,1,2019-10-19 01:44:21,R_12nAu0tEaB4Ffd5,,,,,42.6764068603515625,-71.318603515625,anonymous,EN,Chrome,77.0.3865.120,Windows NT 6.1,1536x864,,2,5,60,2,1,,3.96,2,1,1,,3,2,1,2,0,1,2,1,,,,,,,,,,,,,,,,,,,,,,,,,,,,,,,,,,,,,,,,,,,,,,,,,,,,,,4,6,2,4,3,4,4,4,4,2,4,4,2,3,4,3,2,4,3,2,4,3,A3W1M37EJKYIZI
2019-10-22 21:33:33,2019-10-22 21:36:04,0,172.114.208.110,100,151,1,2019-10-22 21:36:04,R_RFFkdxVaLp6ypW1,,,,,33.739898681640625,-117.01509857177734375,anonymous,EN,Chrome,77.0.3865.120,Macintosh,1280x800,,2,5,32,2,3,,1.36,2,2,1,,3,2,2,2,0,2,2,,,1,,,,,,,,,,,,,,,,,,,,,,,,,,,,,,,,,,,,,,,,,,,,,,,,,,,,6,6,1,5,4,4,5,5,4,5,4,2,4,4,4,4,5,2,3,1,4,5,A1C2T79XTDHE39
2019-10-22 21:40:26,2019-10-22 21:43:44,0,24.118.94.40,100,197,1,2019-10-22 21:43:44,R_2UYEERtOOgMdKU8,,,,,44.9709930419921875,-93.04979705810546875,anonymous,EN,Chrome,77.0.3865.105,CrOS x86_64 12371.75.0,1536x864,,1,2,35,2,1,,3.05,1,3,1,2,3,2,2,2,0,2,2,1,1,,,,,,,,,,,,,,,,,,,,,,,,,,,,,,,,,,,,,,,,,,,,,,,,,,,,,5,5,1,4,4,5,4,4,3,5,2,3,4,3,1,4,3,2,2,2,3,5,A1KPUJ4XNQANQ8
2019-10-22 21:42:38,2019-10-22 21:47:03,0,72.73.200.183,100,264,1,2019-10-22 21:47:03,R_064Uq1U8zLEvlHX,,,,,40.02960205078125,-74.88339996337890625,anonymous,EN,Chrome,77.0.3865.120,Windows NT 10.0,1366x768,,1,3,49,2,3,,2.4,1,6,1,,3,1,1,2,0,2,2,1,,,,,,,,,,,,,,,,,,,,,,,,,,,,,,,,,,,,,,,,,,,,,,,,,,,,,,6,7,2,4,4,5,4,4,3,4,2,2,1,3,1,3,4,4,5,4,2,3,ATXAVU13VN2I
2019-10-22 21:51:11,2019-10-22 21:53:48,0,67.82.117.240,100,157,1,2019-10-22 21:53:48,R_3hF0Pe9mk08IihR,,,,,40.67529296875,-74.22750091552734375,anonymous,EN,Chrome,77.0.3865.120,Windows NT 6.3,1600x900,,1,5,39,2,1,,3.96,1,0,1,,1,2,2,2,0,2,2,,,1,,,,,,,,,,,,,,,,,,,,,,,,,,,,,,,,,,,,,,,,,,,,,,,,,,,,5,5,1,4,4,4,4,4,2,2,2,3,2,4,4,2,2,4,4,2,4,4,ALV4DAF8DIJ37
2019-10-22 21:53:34,2019-10-22 21:56:46,0,50.25.62.37,100,191,1,2019-10-22 21:56:46,R_10pDT5lKnbUggHs,,,,,37.640106201171875,-82.25730133056640625,anonymous,EN,Chrome,77.0.3865.120,Windows NT 10.0,1098x618,,2,5,59,2,3,,1.3,1,0,,2,3,2,2,2,0,1,2,,1,,,,,,,,,,,,,,,,,,,,,,,,,,,,,,,,,,,,,,,,,,,,,,,,,,,,,4,4,2,2,4,4,4,4,2,2,2,2,2,4,2,2,2,2,2,4,4,4,A1GKD3NG1NNHRP
2019-10-22 22:04:17,2019-10-22 22:06:28,0,67.170.102.133,100,131,1,2019-10-22 22:06:28,R_1KqkH1fT6di50qf,,,,,47.5558929443359375,-121.9987030029296875,anonymous,EN,Chrome,76.0.3809.132,Windows NT 10.0,1366x768,,,5,,2,2,,4.25,2,2,1,2,3,2,2,2,,1,2,,,,1,,,,,,,,,,,,,,,,,,,,,,,,,,,,,,,,,,,,,,,,,,,,,,,,,,,5,7,1,5,4,1,4,5,5,5,3,5,4,3,5,3,5,3,3,4,5,4,A1SOIE67CIL16C
2019-10-22 22:06:40,2019-10-22 22:11:46,0,99.61.181.109,100,305,1,2019-10-22 22:11:46,R_3qDbzVX5fRgyk8B,,,,,30.0182037353515625,-95.4091033935546875,anonymous,EN,Chrome,77.0.3865.120,Windows NT 6.1,1600x900,,2,5,52,2,2,,4.57,3,1,1,,3,2,2,2,0,2,2,,1,,,,,,,,,,,,,,,,,,,,,,,,,,,,,,,,,,,,,,,,,,,,,,,,,,,,,2,7,1,4,4,2,4,4,3,4,2,4,4,2,4,2,4,4,2,2,4,4,A2R89RXGEVG05I
2019-10-22 22:23:23,2019-10-22 22:30:21,0,192.209.17.137,100,418,1,2019-10-22 22:30:22,R_3dQYndpgepi4P3D,,,,,35.2924041748046875,-86.6446990966796875,anonymous,EN,Chrome,77.0.3865.90,Windows NT 10.0,1920x1080,,2,5,41,2,2,,4.99,2,2,1,2,3,2,2,2,0,2,2,1,,,,,,,,,,,,,,,,,,,,,,,,,,,,,,,,,,,,,,,,,,,,,,,,,,,,,,2,6,2,4,3,4,4,4,3,2,4,2,2,4,2,4,3,3,3,2,4,4,A3NMQ3019X6YE0
2019-10-22 22:31:31,2019-10-22 22:33:34,0,73.236.108.122,100,123,1,2019-10-22 22:33:35,R_1g74afzaOLwfCOp,,,,,39.6519927978515625,-79.94439697265625,anonymous,EN,Chrome,77.0.3865.90,Macintosh,1366x768,,2,5,26,2,1,,4.59,2,0,2,1,3,2,2,2,1,2,1,,,1,,,,,,,,,,,,,,,,,,,,,,,,,,,,,,,,,,,,,,,,,,,,,,,,,,,,4,5,1,4,4,2,3,4,4,3,4,5,4,4,2,4,4,2,3,1,5,3,A383WPMTMRQEA0
2019-10-22 22:37:55,2019-10-22 22:42:11,0,181.165.164.213,100,255,1,2019-10-22 22:42:11,R_2qrf6TgEgFZW5uo,,,,,-34.6020965576171875,-58.38449859619140625,anonymous,EN,Chrome,77.0.3865.120,Windows NT 10.0,1280x1024,,1,5,34,2,2,,5.22,2,2,1,2,3,2,2,2,0,2,2,,1,,,,,,,,,,,,,,,,,,,,,,,,,,,,,,,,,,,,,,,,,,,,,,,,,,,,,3,6,1,2,4,4,4,4,4,4,2,4,4,4,4,2,2,4,2,4,4,3,A2GL4H2GRVX15O
2019-10-22 22:39:02,2019-10-22 22:43:30,0,108.48.85.137,100,267,1,2019-10-22 22:43:30,R_2uy792dAJIikq9e,,,,,39.1584930419921875,-77.08370208740234375,anonymous,EN,Firefox,69.0,Windows NT 10.0,1366x768,,2,6,26,2,2,,5.32,1,0,1,,3,2,1,2,2,1,1,,,1,,,,,,,,,,,,,,,,,,,,,,,,,,,,,,,,,,,,,,,,,,,,,,,,,,,,4,6,1,5,4,5,4,4,3,3,2,4,4,5,2,2,4,4,3,5,4,4,A3H8Y415E0WXQN
2019-10-22 22:47:45,2019-10-22 22:50:14,0,96.61.97.12,100,148,1,2019-10-22 22:50:14,R_3HXr2bBH75RHrZq,,,,,37.4871063232421875,-80.17040252685546875,anonymous,EN,Chrome,77.0.3865.120,Windows NT 10.0,1366x768,,2,5,21,2,1,,3.96,1,0,2,1,3,2,2,2,0,2,2,1,,,,,,,,,,,,,,,,,,,,,,,,,,,,,,,,,,,,,,,,,,,,,,,,,,,,,,4,4,1,4,4,4,4,4,4,4,4,3,4,3,5,4,3,5,2,2,3,4,A2BBDH8DZD77AU
2019-10-22 23:20:36,2019-10-22 23:23:17,0,75.130.220.3,100,160,1,2019-10-22 23:23:17,R_1n0cwXHi3JTQ3zQ,,,,,38.6486968994140625,-90.3296966552734375,anonymous,EN,Safari,13.0.2,Macintosh,1280x800,,2,5,23,2,3,,2.17,1,0,1,2,3,2,2,2,1,2,2,,,1,,,,,,,,,,,,,,,,,,,,,,,,,,,,,,,,,,,,,,,,,,,,,,,,,,,,4,6,1,4,4,3,4,4,2,2,2,2,2,2,1,2,2,2,3,4,5,4,A1SCESDDNPL2B4
2019-10-22 23:22:54,2019-10-22 23:28:27,0,172.111.198.87,100,332,1,2019-10-22 23:28:28,R_3EcBHQrVxJ3zTdK,,,,,25.7740936279296875,-80.18170166015625,anonymous,EN,Chrome,77.0.3865.120,Windows NT 10.0,1280x720,,2,5,35,2,3,,2.22,2,2,1,,3,2,2,2,2,2,2,,,1,,,,,,,,,,,,,,,,,,,,,,,,,,,,,,,,,,,,,,,,,,,,,,,,,,,,4,5,2,4,4,4,4,4,4,3,2,4,4,4,4,2,3,4,2,2,3,4,A3SZF91DCOQPW3
2019-10-22 23:28:46,2019-10-22 23:31:31,0,72.65.252.103,100,164,1,2019-10-22 23:31:31,R_3G2LylQHevFUaAB,,,,,40.42950439453125,-80.01519775390625,anonymous,EN,Chrome,77.0.3865.105,CrOS x86_64 12371.75.0,1366x768,,1,3,33,2,3,,2.2,2,3,1,,3,2,2,2,0,2,2,,1,,,,,,,,,,,,,,,,,,,,,,,,,,,,,,,,,,,,,,,,,,,,,,,,,,,,,3,5,1,4,3,4,5,4,4,4,2,3,4,5,1,4,3,1,3,5,3,3,A2CHDWKAYZ3P3E
2019-10-22 23:36:01,2019-10-22 23:40:29,0,184.98.137.176,100,268,1,2019-10-22 23:40:29,R_XZMHy2vSbMohdD3,,,,,33.398101806640625,-111.785003662109375,anonymous,EN,Firefox,70.0,Windows NT 10.0,1280x800,,1,5,33,3,2,,4.19,1,0,2,2,3,1,2,2,1,2,2,,1,1,,,,,,,,,,,,,,,,,,,,,,,,,,,,,,,,,,,,,,,,,,,,,,,,,,,,5,6,1,4,4,5,4,4,3,2,3,4,1,3,4,3,3,1,4,4,5,4,A1KK9SJUQRAH
2019-10-23 00:17:31,2019-10-23 00:19:12,0,24.31.240.67,100,101,1,2019-10-23 00:19:12,R_2ro2UwO1WrMAZqZ,,,,,39.391693115234375,-94.55919647216796875,anonymous,EN,Chrome,77.0.3865.120,Macintosh,1280x800,,2,5,31,2,1,,2.88,2,1,1,,1,2,1,2,1,1,2,,1,,,,,,,,,,,,,,,,,,,,,,,,,,,,,,,,,,,,,,,,,,,,,,,,,,,,,5,6,1,5,4,4,4,4,4,5,3,4,4,5,3,2,4,4,3,5,2,4,A1YHIQHLLLQIIQ
2019-10-23 00:16:30,2019-10-23 00:21:36,0,50.227.221.13,100,305,1,2019-10-23 00:21:36,R_2s76565rnUMH1Rq,,,,,39.92840576171875,-120.9698028564453125,anonymous,EN,Chrome,77.0.3865.120,Windows NT 10.0,1920x1080,,2,5,34,2,1,,4.25,2,2,1,2,1,2,1,2,0,2,2,,,1,,,,,,,,,,,,,,,,,,,,,,,,,,,,,,,,,,,,,,,,,,,,,,,,,,,,6,5,2,4,4,4,5,4,5,2,4,4,4,3,3,4,4,5,5,5,4,4,A1XBWSV6TWJUU8
2019-10-23 00:35:30,2019-10-23 00:39:07,0,73.136.155.223,100,216,1,2019-10-23 00:39:07,R_1PYpJqW1hVNMtQs,,,,,29.673095703125,-95.585601806640625,anonymous,EN,Chrome,77.0.3865.120,Windows NT 6.1,1536x864,,1,5,70,2,1,,4.37,3,2,2,2,3,2,2,2,0,1,2,,,1,,,,,,,,,,,,,,,,,,,,,,,,,,,,,,,,,,,,,,,,,,,,,,,,,,,,1,7,1,4,4,4,4,4,3,1,3,2,2,4,2,2,3,2,4,3,2,4,A1F1TBDHPYAAXT
2019-10-23 00:52:27,2019-10-23 00:55:41,0,24.251.2.38,100,194,1,2019-10-23 00:55:42,R_1mg8vDUg78Olobe,,,,,33.46539306640625,-112.4781036376953125,anonymous,EN,Chrome,77.0.3865.120,Windows NT 10.0,1600x900,,2,5,32,2,3,,1,3,2,1,2,3,2,1,2,2,2,1,,,1,,,,,,,,,,,,,,,,,,,,,,,,,,,,,,,,,,,,,,,,,,,,,,,,,,,,5,7,1,5,5,5,5,5,2,4,4,4,4,2,2,2,2,2,2,4,4,4,A2DZ1QW6G1LUVY
2019-10-23 01:30:04,2019-10-23 01:34:57,0,67.185.155.202,100,292,1,2019-10-23 01:34:57,R_1Lket6JrKnCnV6U,,,,,47.627593994140625,-122.643096923828125,anonymous,EN,Chrome,77.0.3865.120,Windows NT 6.3,1600x900,,1,5,29,2,1,,3.37,1,0,1,,3,2,2,2,0,2,1,1,,,,,,,,,,,,,,,,,,,,,,,,,,,,,,,,,,,,,,,,,,,,,,,,,,,,,,5,7,2,2,5,5,5,4,2,4,3,2,4,2,4,4,2,3,2,2,4,4,A3H9LK309D3AGI
2019-10-23 01:44:12,2019-10-23 01:47:32,0,73.248.72.60,100,200,1,2019-10-23 01:47:33,R_diLviAVcAbAMgUN,,,,,39.7993011474609375,-75.15360260009765625,anonymous,EN,Chrome,76.0.3809.132,Macintosh,1440x900,,1,5,31,2,3,,1.58,2,0,1,2,2,1,2,2,1,1,2,,,1,,,,,,,,,,,,,,,,,,,,,,,,,,,,,,,,,,,,,,,,,,,,,,,,,,,,4,6,1,4,4,4,4,5,2,4,4,2,4,4,3,2,2,2,2,4,4,2,A1J4Z9AX070TJP
2019-10-23 02:50:09,2019-10-23 02:54:20,0,74.142.239.58,100,250,1,2019-10-23 02:54:21,R_3oLv7kHVcqe5ZQ5,,,,,41.23260498046875,-80.4530029296875,anonymous,EN,Chrome,77.0.3865.90,Macintosh,1440x900,,2,3,33,2,3,,1,2,6,1,,3,2,2,2,0,2,2,1,,,,,,,,,,,,,,,,,,,,,,,,,,,,,,,,,,,,,,,,,,,,,,,,,,,,,,7,7,1,5,5,5,5,5,5,4,4,5,1,1,1,1,1,1,5,2,5,5,A38ILUORAQ7EJ0
2019-10-23 05:45:12,2019-10-23 05:47:57,0,72.220.90.240,100,164,1,2019-10-23 05:47:57,R_9XnUhaUJc3pUHw5,,,,,32.791595458984375,-116.97100067138671875,anonymous,EN,Firefox,69.0,Windows NT 10.0,2560x1440,,1,5,33,2,3,,3.74,2,0,1,2,3,2,2,2,0,2,1,,,1,,,,,,,,,,,,,,,,,,,,,,,,,,,,,,,,,,,,,,,,,,,,,,,,,,,,5,5,1,4,4,4,4,4,4,4,4,5,4,4,2,2,4,5,4,5,4,4,A3IX3XVGPJH2I7
2019-10-23 07:03:10,2019-10-23 07:06:26,0,73.198.109.124,100,196,1,2019-10-23 07:06:27,R_3QRIvePUwi8E6u4,,,,,40.6367950439453125,-74.37270355224609375,anonymous,EN,Chrome,77.0.3865.120,Windows NT 10.0,1920x1080,,1,2,35,2,3,,3.44,2,0,1,,3,2,2,2,0,2,2,,,1,,,,,,,,,,,,,,,,,,,,,,,,,,,,,,,,,,,,,,,,,,,,,,,,,,,,4,6,1,3,4,4,4,4,4,2,3,3,2,3,1,2,2,4,4,2,4,3,A1SISJL5ST2PWH
2019-10-23 04:45:05,2019-10-23 04:47:53,0,70.143.110.19,75,168,0,2019-10-30 04:47:55,R_2RTYMMEnCsuh6nE,,,,,,,anonymous,EN,Chrome,77.0.3865.120,Windows NT 6.2,1280x720,,1,5,30,2,3,,4.37,2,2,1,2,3,2,2,2,1,2,2,,,1,,,,,,,,,,,,,,,,,,,,,,,,,,,,,,,,,,,,,,,,,,,,,,,,,,,,,,2,2,3,2,3,3,,,,,,,,,,,,,,,APVWMP5952IOY
2020-03-13 18:20:56,2020-03-13 18:25:54,0,172.111.136.227,100,298,1,2020-03-13 18:25:55,R_1f6NuZ7rrHE3FQy,,,,,34.0543975830078125,-118.2440032958984375,anonymous,EN,Chrome,80.0.3987.132,Windows NT 10.0,1366x768,,1,5,28,2,3,,1.64,2,2,1,2,3,2,2,2,1,2,2,,,1,,,,,,,,,,,,,,,,,,,,,,,,,,,,,,,,,,,,,,,,,,,,,,,,,,,,6,5,1,4,4,5,4,5,2,4,4,5,4,5,1,3,2,4,4,3,4,5,AZ4HOU8N4FZ53
2020-03-13 19:25:47,2020-03-13 19:29:22,0,74.134.155.117,100,214,1,2020-03-13 19:29:23,R_2e4jjU2ZG2rnVq9,,,,,38.308502197265625,-85.81600189208984375,anonymous,EN,Chrome,80.0.3987.132,Macintosh,1440x900,,2,5,62,2,1,,5.05,3,0,1,,3,2,2,2,0,2,2,,,,1,,,,,,,,,,,,,,,,,,,,,,,,,,,,,,,,,,,,,,,,,,,,,,,,,,,4,5,2,4,4,4,4,4,3,4,3,2,3,3,2,2,3,2,3,2,4,4,A2HJDLSU95MH8Q
2020-03-13 19:28:13,2020-03-13 19:32:59,0,151.132.206.250,100,285,1,2020-03-13 19:32:59,R_1dcRwWQfy0KyxVh,,,,,26.6641998291015625,-80.1732025146484375,anonymous,EN,Firefox,74.0,Windows NT 6.1,1680x1050,,1,2,38,2,1,,4,2,0,1,2,3,2,2,2,0,2,2,,,1,,,,,,,,,,,,,,,,,,,,,,,,,,,,,,,,,,,,,,,,,,,,,,,,,,,,4,5,2,4,4,4,4,4,4,3,4,3,3,3,4,4,4,4,3,4,4,4,A277UVT82WHF65
2020-03-13 19:36:54,2020-03-13 19:39:47,0,217.138.198.212,100,172,1,2020-03-13 19:39:48,R_eEvfxLnO8Wft9Lz,,,,,40.7156982421875,-74,anonymous,EN,Chrome,80.0.3987.132,Windows NT 10.0,1366x768,,1,3,32,2,3,,2.68,2,1,1,2,3,2,1,2,2,2,2,,,1,,,,,,,,,,,,,,,,,,,,,,,,,,,,,,,,,,,,,,,,,,,,,,,,,,,,5,5,2,4,4,4,5,4,3,4,4,4,4,5,4,3,4,4,3,3,4,3,AQC8WQHV3U67X
2020-03-13 21:42:08,2020-03-13 21:44:22,0,208.76.252.4,100,134,1,2020-03-13 21:44:22,R_22EuEqifZg2kdG6,,,,,41.8332977294921875,-71.431396484375,anonymous,EN,Chrome,80.0.3987.132,Windows NT 10.0,1920x1080,,2,5,31,2,1,,3.25,1,0,1,2,3,2,1,2,0,2,2,,1,,,,,,,,,,,,,,,,,,,,,,,,,,,,,,,,,,,,,,,,,,,,,,,,,,,,,4,4,1,5,4,4,4,4,1,1,3,1,1,1,1,4,1,2,1,1,1,1,A3TI6XISG3CKJF
2020-03-13 22:38:29,2020-03-13 22:42:12,0,66.215.49.32,100,223,1,2020-03-13 22:42:13,R_3HoE9nB5MRywN2s,,,,,35.261199951171875,-120.654998779296875,anonymous,EN,Firefox,74.0,Ubuntu,1920x1080,,2,2,35,2,3,,2.96,2,0,1,2,3,2,2,2,0,2,2,,,1,,,,,,,,,,,,,,,,,,,,,,,,,,,,,,,,,,,,,,,,,,,,,,,,,,,,3,5,1,3,5,4,5,4,1,2,1,2,1,1,1,1,1,1,2,1,2,4,A2ZQCHONMAJZF
2020-03-13 23:54:10,2020-03-13 23:56:38,0,66.11.248.56,100,148,1,2020-03-13 23:56:39,R_voRhVleki5FXtmh,,,,,35.638702392578125,-85.2115020751953125,anonymous,EN,Firefox,60.0,Windows NT 10.0,1280x1024,,1,5,32,2,3,,2.19,2,0,1,2,3,2,2,2,0,2,2,,1,,,,,,,,,,,,,,,,,,,,,,,,,,,,,,,,,,,,,,,,,,,,,,,,,,,,,5,6,1,4,4,5,4,5,3,2,4,4,1,5,2,2,1,3,4,2,2,5,A1B7GQTH9YG04X
2020-03-14 02:52:45,2020-03-14 02:58:03,0,71.92.206.243,100,318,1,2020-03-14 02:58:03,R_3R8SJJCZLqRPlfO,,,,,34.0200042724609375,-117.89839935302734375,anonymous,EN,Chrome,80.0.3987.132,Windows NT 10.0,2560x1080,,1,2,38,2,3,,3.22,1,0,1,,3,2,2,2,0,1,2,,1,,,,,,,,,,,,,,,,,,,,,,,,,,,,,,,,,,,,,,,,,,,,,,,,,,,,,5,6,1,5,5,4,4,4,4,4,2,2,4,2,2,2,4,4,2,2,4,2,A3095ABT1L25QK
2020-03-16 18:05:17,2020-03-16 18:08:59,0,47.16.153.114,100,221,1,2020-03-16 18:09:00,R_3nI1XfKPhcZIxuu,,,,,40.85650634765625,-74.12310028076171875,anonymous,EN,Chrome,80.0.3987.132,Windows NT 10.0,1920x1080,,2,5,37,2,3,,2.62,1,0,1,,3,2,2,2,0,2,2,,,1,,,,,,,,,,,,,,,,,,,,,,,,,,,,,,,,,,,,,,,,,,,,,,,,,,,,5,4,1,4,5,4,5,4,4,4,4,3,2,2,2,2,2,1,2,2,3,4,AHYTT3T8W9Y9Y
2020-03-16 18:18:39,2020-03-16 18:20:34,0,170.83.234.206,100,114,1,2020-03-16 18:20:35,R_2flFuF9pqOut7v6,,,,,37.751007080078125,-97.82199859619140625,anonymous,EN,Chrome,80.0.3987.132,Windows NT 6.1,1366x768,A2M55RDN9UDPXJ,2,5,40,2,3,,5.38,2,1,1,2,1,1,1,1,2,1,2,,,1,,,,,,,,,,,,,,,,,,,,,,,,,,,,,,,,,,,,,,,,,,,,,,,,,,,,6,4,4,3,4,3,4,3,4,3,4,3,4,3,4,3,4,3,4,3,4,3,A2M55RDN9UDPXJ
2020-03-16 18:22:45,2020-03-16 18:27:53,0,69.59.88.170,100,307,1,2020-03-16 18:27:53,R_23UYYL3Xx5bKoo6,,,,,34.6804962158203125,-82.82309722900390625,anonymous,EN,Chrome,80.0.3987.132,Windows NT 10.0,1920x1080,,1,5,24,2,3,,1.62,1,0,1,2,3,2,2,2,1,2,2,,,1,,,,,,,,,,,,,,,,,,,,,,,,,,,,,,,,,,,,,,,,,,,,,,,,,,,,3,6,1,4,4,4,4,4,2,2,3,2,2,2,2,2,2,2,3,4,3,4,A2B7V3HDBDKHPN
2020-03-16 18:41:30,2020-03-16 18:43:44,0,108.12.238.177,100,134,1,2020-03-16 18:43:45,R_1HpZhuAYDXZzBne,,,,,41.873992919921875,-71.3843994140625,anonymous,EN,Chrome,80.0.3987.132,Windows NT 6.1,1536x864,,1,5,31,2,3,,3.48,1,0,1,2,3,2,2,2,1,2,1,,,1,,,,,,,,,,,,,,,,,,,,,,,,,,,,,,,,,,,,,,,,,,,,,,,,,,,,4,4,1,5,4,3,4,4,3,4,1,3,3,4,2,3,2,2,5,5,5,1,A2KHMKJUVDMK1N
2020-03-16 18:42:17,2020-03-16 18:46:57,0,96.238.149.108,100,280,1,2020-03-16 18:46:58,R_1gwPFhwEtsnpZHq,,,,,43.12249755859375,-76.129302978515625,anonymous,EN,Chrome,80.0.3987.137,CrOS x86_64 12739.94.0,1366x768,,2,5,51,2,1,,2.89,1,1,1,2,3,2,2,2,0,2,2,1,,,,,,,,,,,,,,,,,,,,,,,,,,,,,,,,,,,,,,,,,,,,,,,,,,,,,,3,6,1,4,4,4,4,4,4,4,2,2,3,4,3,2,4,4,3,2,2,4,A2UAGNKP1BPON
2020-03-16 19:02:08,2020-03-16 19:04:20,0,96.11.217.115,100,132,1,2020-03-16 19:04:21,R_2AYiADwHY8i8zLm,,,,,38.0012054443359375,-84.532501220703125,anonymous,EN,Chrome,80.0.3987.132,Windows NT 10.0,1366x768,,2,5,44,2,1,,3.99,2,2,1,2,3,2,2,2,0,1,2,,1,,,,,,,,,,,,,,,,,,,,,,,,,,,,,,,,,,,,,,,,,,,,,,,,,,,,,5,6,1,5,3,5,5,3,2,3,1,3,4,1,2,3,1,3,3,,1,4,A748N8WFG2HR4
2020-03-16 19:32:12,2020-03-16 19:34:49,0,63.155.5.223,100,156,1,2020-03-16 19:34:49,R_2zqGcQyfLGwCduJ,,,,,44.056304931640625,-122.9163970947265625,anonymous,EN,Chrome,80.0.3987.132,Windows NT 10.0,1366x768,,2,5,56,2,3,,1,3,0,1,,3,2,2,2,1,2,1,,,1,,,,,,,,,,,,,,,,,,,,,,,,,,,,,,,,,,,,,,,,,,,,,,,,,,,,2,6,1,4,5,4,4,5,1,2,2,4,1,4,1,2,1,2,3,4,5,4,A26RO8GGTQAXGG
2020-03-16 19:32:17,2020-03-16 19:35:28,0,98.168.183.34,100,190,1,2020-03-16 19:35:28,R_1Ej6wcTQjmp0vdX,,,,,35.4618988037109375,-97.3932037353515625,anonymous,EN,Chrome,80.0.3987.132,Windows NT 10.0,1366x768,,2,5,28,2,3,,1,1,0,1,,3,1,1,2,0,2,1,,,1,,,,,,,,,,,,,,,,,,,,,,,,,,,,,,,,,,,,,,,,,,,,,,,,,,,,1,7,1,5,5,5,5,5,1,1,4,1,1,5,1,5,1,1,5,5,5,5,A3TUCOUVSP9ZGY
2020-03-16 19:39:24,2020-03-16 19:42:36,0,98.146.161.184,100,191,1,2020-03-16 19:42:36,R_3ndwOuWnsM2d8aB,,,,,47.72479248046875,-116.78900146484375,anonymous,EN,Chrome,80.0.3987.132,Windows NT 10.0,1280x720,,2,5,36,2,3,,2.14,1,0,1,,3,2,2,2,0,2,2,,,,,,,1,,,2,,8,,,,,,,,,,,,,,,,,,,,,,,,,,,,,,,,,,,,,,,,,,,3,5,2,4,4,4,4,4,2,3,2,3,2,3,2,2,2,3,3,2,4,4,A2A5HAPJD18TRU
2020-03-16 19:51:27,2020-03-16 19:54:49,0,24.178.40.34,100,201,1,2020-03-16 19:54:49,R_2TuGJGmKcu6ip0G,,,,,43.081207275390625,-89.38449859619140625,anonymous,EN,Chrome,80.0.3987.132,Macintosh,1280x800,,2,5,32,2,3,,2.44,2,0,1,,3,2,2,2,0,2,2,,,1,,,,,,,,,,,,,,,,,,,,,,,,,,,,,,,,,,,,,,,,,,,,,,,,,,,,3,7,2,4,4,4,4,5,2,4,4,4,2,2,1,4,2,2,4,4,4,4,A1ZCP2OQXOMAHN
2020-03-16 20:52:56,2020-03-16 20:57:20,0,69.204.231.38,100,263,1,2020-03-16 20:57:20,R_VJ4bdQndulku4Qp,,,,,40.7122955322265625,-73.79850006103515625,anonymous,EN,Chrome,80.0.3987.122,Windows NT 10.0,1280x800,,1,3,30,2,2,,5.28,1,1,1,2,2,2,2,2,2,2,2,,,,,,,,,1,,,,,,,,,,,,,,,,,,,,,,,,,,,,,,,,,,,,,,,,,,,,,,5,5,2,4,4,4,4,4,4,4,4,4,4,4,2,3,2,4,2,2,4,4,A1ZM56EQX9446P
2020-03-16 21:01:33,2020-03-16 21:04:48,0,105.112.182.192,100,195,1,2020-03-16 21:04:49,R_2tteK4YzfYWRccF,,,,,6.4474029541015625,3.3903045654296875,anonymous,EN,Chrome,80.0.3987.132,Windows NT 6.1,1024x768,,1,3,34,2,3,,2.25,2,1,1,2,3,2,1,2,3,2,1,,,1,,,,,,,,,,,,,,,,,,,,,,,,,,,,,,,,,,,,,,,,,,,,,,,,,,,,5,6,2,4,5,5,4,4,2,5,4,2,4,2,2,3,4,2,1,3,4,5,A2I0ANKY20XQRX
2020-03-16 21:00:46,2020-03-16 21:05:16,0,100.7.210.152,100,270,1,2020-03-16 21:05:16,R_3q9jsseuLejBno7,,,,,36.623504638671875,-78.5518035888671875,anonymous,EN,Firefox,74.0,Windows NT 10.0,1920x1080,A171C7B6HHSEGH,1,3,26,2,5,,1,1,0,1,2,3,2,2,2,0,2,2,,1,,,,,,,,,,,,,,,,,,,,,,,,,,,,,,,,,,,,,,,,,,,,,,,,,,,,,3,5,2,2,3,2,3,4,2,3,2,2,3,2,3,4,2,2,3,2,2,3,A171C7B6HHSEGH
2020-03-16 21:03:16,2020-03-16 21:06:10,0,107.146.29.33,100,174,1,2020-03-16 21:06:11,R_1puj4wKi3GY3IHy,,,,,28.5435943603515625,-81.37380218505859375,anonymous,EN,Chrome,80.0.3987.132,Windows NT 10.0,1920x1080,,2,5,33,2,1,,3.96,1,0,1,,1,2,2,2,0,2,1,1,,,,,,,,,,,,,,,,,,,,,,,,,,,,,,,,,,,,,,,,,,,,,,,,,,,,,,2,6,1,3,4,4,5,5,3,3,3,4,1,3,1,3,3,3,5,2,4,4,A1FYSXD0MJXPMG
2020-03-16 21:30:18,2020-03-16 21:34:46,0,72.229.168.172,100,268,1,2020-03-16 21:34:47,R_22tuCAd4oK8Osv0,,,,,40.7259979248046875,-73.84799957275390625,anonymous,EN,Chrome,80.0.3987.137,CrOS x86_64 12739.94.0,1366x768,,2,3,23,2,3,,2.88,1,0,1,,2,2,1,2,0,2,1,,,1,,,,,,,,,,,,,,,,,,,,,,,,,,,,,,,,,,,,,,,,,,,,,,,,,,,,4,6,1,5,5,5,5,4,5,4,3,3,2,4,3,2,3,4,2,4,4,4,A171RZ3O028XF6
2020-03-16 22:23:12,2020-03-16 22:26:56,0,173.244.36.9,100,224,1,2020-03-16 22:26:57,R_2CqqqBdYeqkZDav,,,,,33.4532012939453125,-112.07489776611328125,anonymous,EN,Chrome,80.0.3987.132,Windows NT 10.0,1600x900,,1,5,56,2,2,,5.76,2,2,1,2,3,2,2,2,2,2,2,,,,1,,,,,,,,,,,,,,,,,,,,,,,,,,,,,,,,,,,,,,,,,,,,,,,,,,,6,6,2,3,5,4,4,3,4,4,4,4,4,4,4,4,4,4,4,3,5,4,A2WSSRWT4ZBHK3
2020-03-16 22:32:05,2020-03-16 22:41:53,0,185.245.86.69,100,588,1,2020-03-16 22:41:53,R_2pWzmnz4tesqeSZ,,,,,25.7805938720703125,-80.1826019287109375,anonymous,EN,Chrome,80.0.3987.132,Windows NT 10.0,1366x768,,2,5,30,2,2,,2.85,2,2,1,2,3,2,2,2,4,1,1,,,,1,,,,,,,,,,,,,,,,,,,,,,,,,,,,,,,,,,,,,,,,,,,,,,,,,,,4,4,1,4,4,4,4,4,3,4,2,4,2,4,4,4,3,3,2,2,4,4,A32LHQYJY0ELFS
2020-03-16 23:16:43,2020-03-16 23:19:57,0,68.96.68.97,100,194,1,2020-03-16 23:19:57,R_1MNitgAaTpGcuy2,,,,,33.43389892578125,-117.622100830078125,anonymous,EN,Chrome,79.0.3945.130,Macintosh,1440x900,A2YA1ZM1V760Q1,2,6,24,2,3,,1.77,1,0,1,2,3,2,2,2,0,2,2,,,1,,,,,,,,,,,,,,,,,,,,,,,,,,,,,,,,,,,,,,,,,,,,,,,,,,,,5,5,2,4,4,4,4,4,4,3,3,3,3,3,3,4,3,3,3,4,4,4,A2YA1ZM1V760Q1
2020-03-16 23:17:35,2020-03-16 23:20:21,0,174.55.253.157,100,165,1,2020-03-16 23:20:22,R_1owmE9qDxzQyKqr,,,,,41.1407928466796875,-77.444000244140625,anonymous,EN,Chrome,80.0.3987.132,Windows NT 6.3,1920x1080,,1,5,30,2,4,Libertarian,3.54,1,0,1,2,3,2,2,2,0,2,2,,,1,,,,,,,,,,,,,,,,,,,,,,,,,,,,,,,,,,,,,,,,,,,,,,,,,,,,1,7,1,5,3,4,4,5,1,1,1,1,3,1,1,2,2,2,3,5,3,3,A3EUGO4VR2N4G1
2020-03-16 23:20:37,2020-03-16 23:24:07,0,216.134.254.165,100,210,1,2020-03-16 23:24:07,R_3MbM3X9Bj0rQviQ,,,,,35.82080078125,-92.03890228271484375,anonymous,EN,Chrome,80.0.3987.132,Windows NT 10.0,1366x768,,2,5,54,2,2,,7,2,2,1,2,3,2,1,2,4,1,2,,1,,,,,,,,,,,,,,,,,,,,,,,,,,,,,,,,,,,,,,,,,,,,,,,,,,,,,5,6,1,5,5,5,5,5,4,1,4,5,1,3,5,4,5,5,5,2,4,5,A1NLW5ZS2WQR35
2020-03-16 23:59:29,2020-03-17 00:02:43,0,107.190.199.247,100,193,1,2020-03-17 00:02:43,R_3NyB7Gcopo1ZAIv,,,,,34.4958953857421875,-86.259002685546875,anonymous,EN,Chrome,79.0.3945.86,CrOS armv7l 12607.58.0,1536x864,,2,5,43,2,2,,5,2,5,1,2,3,2,1,2,5,2,2,,,,1,,,,,,,,,,,,,,,,,,,,,,,,,,,,,,,,,,,,,,,,,,,,,,,,,,,2,7,1,5,4,4,4,5,4,4,4,4,1,4,4,2,4,4,4,2,4,4,A59L67EZKMC3V
2020-03-17 00:25:31,2020-03-17 00:29:01,0,74.251.18.124,100,209,1,2020-03-17 00:29:01,R_29hlKcJDKcHJJKU,,,,,37.7537994384765625,-87.07790374755859375,anonymous,EN,Chrome,80.0.3987.132,Windows NT 10.0,1067x600,,2,5,33,2,2,,7,2,2,1,,3,2,2,2,0,2,2,,1,,,,,,,,,,,,,,,,,,,,,,,,,,,,,,,,,,,,,,,,,,,,,,,,,,,,,4,4,2,4,4,4,4,4,4,4,4,4,3,4,2,4,4,3,2,2,3,4,ABZD7CRM46SN
2020-03-17 01:52:20,2020-03-17 01:55:26,0,173.239.86.3,100,186,1,2020-03-17 01:55:27,R_2QtSZRidCahUZsR,,,,,44.877593994140625,-117.9756011962890625,anonymous,EN,Chrome,78.0.3904.108,Windows NT 10.0,1600x900,,2,5,62,2,3,,1,2,0,2,2,3,2,1,2,0,2,2,,1,,,,,,,,,,,,,,,,,,,,,,,,,,,,,,,,,,,,,,,,,,,,,,,,,,,,,1,7,1,4,5,5,5,5,1,1,1,1,1,1,1,1,1,1,1,3,5,1,A20NITCOBY4775
2020-03-17 02:45:12,2020-03-17 02:48:12,0,68.106.254.178,100,180,1,2020-03-17 02:48:12,R_1k2iW3hkMKfB8Ap,,,,,31.5402069091796875,-110.266998291015625,anonymous,EN,Chrome,80.0.3987.132,Windows NT 10.0,1280x1024,,2,5,53,2,2,,5.04,3,3,1,2,3,2,2,2,1,2,2,,1,,,,,,,,,,,,,,,,,,,,,,,,,,,,,,,,,,,,,,,,,,,,,,,,,,,,,1,7,1,4,4,4,5,4,5,1,4,4,1,2,5,4,4,5,2,2,1,4,AHUO072N55J8H
2020-03-17 05:56:18,2020-03-17 05:59:13,0,73.77.66.99,100,175,1,2020-03-17 05:59:14,R_30bOoydjD9QAZ9z,,,,,29.5717926025390625,-95.13050079345703125,anonymous,EN,Chrome,80.0.3987.132,Windows NT 6.1,1366x768,,2,5,90,1,2,,5.53,2,2,1,2,1,2,2,,15,1,1,,,1,,,,,,,,,,,,,,,,,,,,,,,,,,,,,,,,,,,,,,,,,,,,,,,,,,,,6,6,4,4,4,4,4,4,4,4,4,4,4,4,4,4,4,4,4,4,4,4,A3JUAU2JL5OZ8D
2020-03-18 01:37:30,2020-03-18 01:41:59,0,24.10.249.35,100,268,1,2020-03-18 01:41:59,R_3kjGzXRpNs3moo9,,,,,41.3112030029296875,-111.968902587890625,anonymous,EN,Chrome,80.0.3987.132,Windows NT 10.0,1536x864,,2,5,33,2,2,,2.83,1,0,2,1,2,2,2,2,1,2,1,1,,,,,,,,,,,,,,,,,,,,,,,,,,,,,,,,,,,,,,,,,,,,,,,,,,,,,,4,3,1,5,5,4,4,4,4,5,3,2,4,4,2,3,2,5,2,2,3,4,A2NS7RIEOFZTE5
2020-03-18 01:41:23,2020-03-18 01:46:42,0,73.226.31.175,100,319,1,2020-03-18 01:46:43,R_efUJiY28nQJfoLn,,,,,39.8520965576171875,-74.96410369873046875,anonymous,EN,Chrome,80.0.3987.132,Windows NT 10.0,1024x768,,2,5,62,2,3,,5.95,3,1,2,2,3,2,2,2,1,2,2,1,,,,,,,,,,,,,,,,,,,,,,,,,,,,,,,,,,,,,,,,,,,,,,,,,,,,,,2,6,1,4,4,5,4,4,2,4,2,4,3,4,1,2,1,2,1,3,3,4,APY7Y08CHOZDP
2020-03-18 01:45:03,2020-03-18 01:48:03,0,97.112.226.16,100,180,1,2020-03-18 01:48:04,R_28zCOGlp8DTFw8R,,,,,31.1497955322265625,-85.3690032958984375,anonymous,EN,Chrome,80.0.3987.122,Macintosh,1280x800,,2,5,35,2,2,,5.96,2,3,2,2,3,2,2,2,2,2,2,1,,,,,,,,,,,,,,,,,,,,,,,,,,,,,,,,,,,,,,,,,,,,,,,,,,,,,,5,5,2,4,3,4,3,4,3,4,4,2,2,4,3,2,3,4,3,2,3,4,A2BABNE11OM5GW
2020-03-18 01:48:45,2020-03-18 01:53:11,0,24.7.150.38,100,265,1,2020-03-18 01:53:11,R_25t4uIX4aGhvw3k,,,,,37.697601318359375,-121.036895751953125,anonymous,EN,Chrome,80.0.3987.132,Windows NT 10.0,1366x768,,1,5,33,2,5,,3.91,1,0,2,1,3,2,2,2,0,2,2,1,,,,,,,,,,,,,,,,,,,,,,,,,,,,,,,,,,,,,,,,,,,,,,,,,,,,,,4,3,1,2,4,4,4,4,4,3,3,3,2,3,4,3,4,4,3,4,3,3,AVCOBHDVXZOZL
2020-03-18 01:50:40,2020-03-18 01:57:12,0,174.87.238.42,100,392,1,2020-03-18 01:57:13,R_2TGk47iosHBjPly,,,,,39.5381011962890625,-119.8365020751953125,anonymous,EN,Edge,17.17134,Windows NT 10.0,1920x1080,,2,5,66,2,3,,5.57,2,2,2,2,3,2,2,2,0,1,2,1,,,,,,,,,,,,,,,,,,,,,,,,,,,,,,,,,,,,,,,,,,,,,,,,,,,,,,6,6,1,4,4,4,4,4,3,3,4,3,2,3,3,4,4,3,4,2,3,4,AUISC3PLSEX8R
2020-03-18 01:58:36,2020-03-18 02:01:32,0,173.208.45.40,100,176,1,2020-03-18 02:01:33,R_2AFLAxXlQGWtKQR,,,,,40.8123016357421875,-73.96820068359375,anonymous,EN,Chrome,80.0.3987.132,Windows NT 6.3,1366x768,,2,5,30,2,3,,4.98,2,1,1,2,3,2,2,2,2,2,2,,,1,,,,,,,,,,,,,,,,,,,,,,,,,,,,,,,,,,,,,,,,,,,,,,,,,,,,5,4,2,4,4,2,4,3,4,2,4,3,4,5,4,4,4,5,4,3,4,4,ABXZMO2M0R04Z
2020-03-18 02:00:33,2020-03-18 02:03:58,0,173.91.17.128,100,204,1,2020-03-18 02:03:58,R_3HuE3O5oDdecTa9,,,,,41.56219482421875,-81.48419952392578125,anonymous,EN,Chrome,80.0.3987.122,Windows NT 10.0,1920x1080,,1,5,44,2,2,,3.96,1,0,1,2,3,1,1,2,1,2,2,,1,,,,,,,,,,,,,,,,,,,,,,,,,,,,,,,,,,,,,,,,,,,,,,,,,,,,,3,6,1,4,5,3,4,5,3,2,3,3,1,3,1,3,2,2,4,5,4,3,A3CWEIEY3TGJFX
2020-03-18 02:06:46,2020-03-18 02:09:24,0,173.242.129.193,100,158,1,2020-03-18 02:09:24,R_2qqOoFhwv3bv0yF,,,,,37.8589019775390625,-86.00689697265625,anonymous,EN,Chrome,80.0.3987.132,Windows NT 10.0,1920x1080,,1,5,39,2,3,,1.73,2,1,1,1,3,2,2,2,15,2,2,,,1,,,,,,,,,,,,,,,,,,,,,,,,,,,,,,,,,,,,,,,,,,,,,,,,,,,,3,6,5,4,4,2,2,4,1,1,2,1,1,1,1,1,1,1,5,3,2,5,AWN1PEZWRQSQ9
2020-03-18 02:07:28,2020-03-18 02:11:04,0,75.118.6.234,100,215,1,2020-03-18 02:11:04,R_2tpiNaOSwXWvHuV,,,,,40.0337066650390625,-83.13189697265625,anonymous,EN,Chrome,80.0.3987.132,Windows NT 10.0,1920x1080,,1,5,72,2,2,,5.42,2,0,,2,3,2,2,2,1,1,2,,,1,,,,,,,,,,,,,,,,,,,,,,,,,,,,,,,,,,,,,,,,,,,,,,,,,,,,3,6,1,4,5,5,5,5,2,2,2,4,2,3,1,3,3,2,4,2,4,5,A2XRYF0L5ACD2E
2020-03-18 02:07:22,2020-03-18 02:13:46,0,98.210.231.129,100,384,1,2020-03-18 02:13:47,R_1pDlQOJ6TJGZHuN,,,,,37.893798828125,-122.530303955078125,anonymous,EN,Chrome,80.0.3987.132,Macintosh,2560x1440,,2,5,68,1,3,,2.96,3,2,1,,3,2,2,2,0,1,1,,,1,,,,,,,,,,,,,,,,,,,,,,,,,,,,,,,,,,,,,,,,,,,,,,,,,,,,4,6,1,4,4,4,4,4,3,2,2,4,2,4,3,3,4,4,4,4,3,4,A2CLPLB5VJJBTG
2020-03-18 02:47:35,2020-03-18 02:52:05,0,99.120.6.193,100,270,1,2020-03-18 02:52:05,R_0vVx4VAzDReIYyB,,,,,38.5673980712890625,-121.31999969482421875,anonymous,EN,Chrome,80.0.3987.132,Macintosh,1440x900,,2,5,34,2,3,,1.21,1,0,2,1,3,2,2,2,0,2,2,,,,,1,,,,,,,,,,,,,,,,,,,,,,,,,,,,,,,,,,,,,,,,,,,,,,,,,,2,6,1,4,3,4,4,4,2,3,2,3,2,3,3,2,2,3,3,4,4,4,A1V0JTFQA3X0HZ
2020-03-18 02:52:26,2020-03-18 02:58:47,0,76.117.182.123,100,381,1,2020-03-18 02:58:47,R_1NsnlyZvjrK5Jaw,,,,,40.8022003173828125,-74.19139862060546875,anonymous,EN,Chrome,49.0.2623.112,Windows NT 5.1,1280x1024,,2,2,32,1,3,,3.83,1,0,1,2,3,2,2,2,0,2,2,,,1,,,,,,,,,,,,,,,,,,,,,,,,,,,,,,,,,,,,,,,,,,,,,,,,,,,,3,6,1,4,5,4,4,5,3,4,3,4,3,2,3,2,3,2,3,2,3,4,A1RATFICCKLCQ
2020-03-18 03:11:04,2020-03-18 03:15:11,0,76.182.71.227,100,246,1,2020-03-18 03:15:11,R_3MuOnHJHU4pvrst,,,,,35.7633056640625,-78.70999908447265625,anonymous,EN,Firefox,72.0,Macintosh,2160x1350,,2,5,43,2,3,,1.02,1,0,1,,3,2,2,2,0,2,2,,,1,,,,,,,,,,,,,,,,,,,,,,,,,,,,,,,,,,,,,,,,,,,,,,,,,,,,1,1,1,5,3,4,4,4,2,3,4,2,3,2,2,3,2,3,2,2,4,4,A3DKLZQ9T353MH
2020-03-18 03:21:51,2020-03-18 03:25:19,0,99.32.86.239,100,208,1,2020-03-18 03:25:20,R_2Ematrde7WHzD82,,,,,32.6587066650390625,-97.1616973876953125,anonymous,EN,Chrome,80.0.3987.132,Windows NT 10.0,1366x768,,2,3,43,2,3,,5.07,1,4,1,2,3,2,1,2,1,2,1,,,,1,,,,,,,,,,,,,,,,,,,,,,,,,,,,,,,,,,,,,,,,,,,,,,,,,,,5,6,1,3,5,4,4,5,3,4,3,3,2,3,1,1,2,1,2,1,5,5,AO2MNZUGWB5W9
2020-03-18 19:12:39,2020-03-18 19:18:03,0,68.9.155.101,100,323,1,2020-03-18 19:18:03,R_O0D2JVlW4jA09a1,,,,,41.5316925048828125,-72.79489898681640625,anonymous,EN,Chrome,80.0.3987.132,Windows NT 10.0,1280x1024,,2,5,24,1,3,,5.16,2,2,2,1,2,2,2,2,1,2,2,1,,,,,,,,,,,,,,,,,,,,,,,,,,,,,,,,,,,,,,,,,,,,,,,,,,,,,,5,6,2,4,4,4,3,3,2,4,4,5,4,5,4,4,4,5,4,2,4,3,A3RASHUE40BP0Q
2020-03-18 22:50:45,2020-03-18 22:53:06,0,24.208.188.198,100,140,1,2020-03-18 22:53:06,R_ABPbA5eD4DUqKPf,,,,,40.7415924072265625,-84.15219879150390625,anonymous,EN,Chrome,80.0.3987.132,Windows NT 10.0,1920x1080,,1,5,39,2,2,,6.02,2,2,1,2,3,1,1,2,0,2,1,,,1,,,,,,,,,,,,,,,,,,,,,,,,,,,,,,,,,,,,,,,,,,,,,,,,,,,,5,7,1,4,4,4,5,4,4,4,4,5,2,3,4,4,4,4,2,1,4,4,A1T643M1P572AA
2020-03-18 23:27:39,2020-03-18 23:29:06,0,100.15.126.55,100,87,1,2020-03-18 23:29:07,R_b15BEEH7XhazCSt,,,,,39.0012969970703125,-76.88800048828125,anonymous,EN,Chrome,80.0.3987.132,Windows NT 10.0,2560x1440,,2,5,55,2,3,,,2,0,2,2,3,2,2,2,0,2,2,,,1,,,,,,,,,,,,,,,,,,,,,,,,,,,,,,,,,,,,,,,,,,,,,,,,,,,,4,4,3,3,3,3,3,3,3,3,3,3,3,3,,3,3,3,3,3,3,3,A12O9P1OTMJOPW
2020-03-19 00:26:10,2020-03-19 00:28:01,0,206.82.167.128,100,111,1,2020-03-19 00:28:01,R_2wLlXT5wtcVLMKA,,,,,41.539794921875,-83.5894012451171875,anonymous,EN,Chrome,79.0.3945.130,Windows NT 10.0,1280x720,,2,5,40,2,2,,4.56,2,5,1,,3,2,2,2,1,2,2,,,,1,,,,,,,,,,,,,,,,,,,,,,,,,,,,,,,,,,,,,,,,,,,,,,,,,,,5,6,1,4,4,4,5,4,5,4,4,4,2,4,2,2,2,2,4,1,4,4,A3SL5QRF7MX2P1
2020-03-19 01:04:42,2020-03-19 01:08:12,0,50.34.164.39,100,210,1,2020-03-19 01:08:12,R_1diy6EjrvVfE21J,,,,,48.1829986572265625,-122.1136016845703125,anonymous,EN,Firefox,74.0,Windows NT 10.0,1368x912,,2,5,31,2,3,,1.96,2,0,1,,3,2,2,2,1,2,2,,,1,,,,,,,,,,,,,,,,,,,,,,,,,,,,,,,,,,,,,,,,,,,,,,,,,,,,1,7,1,5,5,4,4,4,1,1,1,1,1,5,2,2,1,1,5,2,4,4,A363NKR14886XG
2020-03-19 01:23:52,2020-03-19 01:27:21,0,73.220.78.51,100,209,1,2020-03-19 01:27:22,R_2zdAcI3NT6sigbS,,,,,37.675506591796875,-121.006805419921875,anonymous,EN,Chrome,80.0.3987.132,Windows NT 10.0,1536x864,,2,5,38,2,2,,7,1,3,1,,3,2,2,2,2,1,1,1,,,,,,,,,,,,,,,,,,,,,,,,,,,,,,,,,,,,,,,,,,,,,,,,,,,,,,3,7,1,5,4,2,3,4,5,1,4,4,1,4,5,2,3,5,4,1,3,5,AYH5S2NOTSFKR
2020-03-19 02:18:04,2020-03-19 02:21:03,0,73.192.220.142,100,179,1,2020-03-19 02:21:04,R_1KlONMjXUBCZcbX,,,,,38.0099945068359375,-121.3697967529296875,anonymous,EN,Chrome,80.0.3987.132,Windows NT 10.0,1536x864,,2,3,29,2,3,,1,1,0,1,2,3,2,2,2,0,2,2,,1,,,,,,,,,,,,,,,,,,,,,,,,,,,,,,,,,,,,,,,,,,,,,,,,,,,,,4,7,1,4,4,4,4,5,2,3,3,3,2,1,2,3,2,5,3,4,5,3,A3VG2LUKQLXCBL
2020-03-19 04:20:56,2020-03-19 04:24:22,0,76.105.152.14,100,206,1,2020-03-19 04:24:23,R_1dy4fmDARrXrwzd,,,,,45.36419677734375,-122.6443023681640625,anonymous,EN,Chrome,80.0.3987.132,Windows NT 10.0,1920x1080,A11MCPY8W4U6FL,2,5,43,2,1,,3.9,1,0,1,2,3,1,1,2,0,2,2,1,,,,,,,,,,,,,,,,,,,,,,,,,,,,,,,,,,,,,,,,,,,,,,,,,,,,,,4,4,2,2,3,4,3,4,3,4,2,3,3,3,2,3,3,4,2,2,4,3,A11MCPY8W4U6FL
2020-03-19 04:36:58,2020-03-19 04:41:30,0,12.156.59.17,100,271,1,2020-03-19 04:41:30,R_2Qn986HYmZYKJbx,,,,,30.61309814453125,-103.9364013671875,anonymous,EN,Chrome,80.0.3987.149,Windows NT 6.3,1366x768,A3AQIQ6S2KJFFM,1,5,28,1,3,,5.02,1,0,1,2,3,2,2,2,3,2,2,,,1,,,,,,,,,,,,,,,,,,,,,,,,,,,,,,,,,,,,,,,,,,,,,,,,,,,,5,4,4,5,3,4,4,3,3,5,3,3,4,3,5,5,4,3,4,3,4,4,A3AQIQ6S2KJFFM
2020-03-19 04:37:13,2020-03-19 04:42:25,0,216.108.210.92,100,312,1,2020-03-19 04:42:25,R_27QgVtUaOwGYlei,,,,,31.277801513671875,-86.253997802734375,anonymous,EN,Chrome,80.0.3987.149,Windows NT 6.3,1366x768,,1,5,28,1,3,,4.94,2,0,1,2,3,2,2,2,1000,2,2,,,1,,,,,,,,,,,,,,,,,,,,,,,,,,,,,,,,,,,,,,,,,,,,,,,,,,,,6,5,4,3,4,4,3,3,4,3,4,3,4,4,3,5,4,4,5,4,5,5,A1L1NNFVKS3G8T
2020-03-19 05:45:57,2020-03-19 05:51:20,0,76.31.119.220,100,323,1,2020-03-19 05:51:20,R_3dDRkVkwaj56Xg6,,,,,29.5655975341796875,-95.27469635009765625,anonymous,EN,Chrome,80.0.3987.122,Windows NT 6.1,1024x768,,2,5,23,1,2,,5.36,2,1,1,2,1,2,2,1,,2,2,,,1,,,,,,,,,,,,,,,,,,,,,,,,,,,,,,,,,,,,,,,,,,,,,,,,,,,,5,5,4,4,4,4,4,4,4,3,3,4,4,3,3,4,3,4,4,3,4,3,A1BWBRUYQE7KWU
2020-03-19 07:08:58,2020-03-19 07:12:06,0,72.185.139.254,100,188,1,2020-03-19 07:12:07,R_sTgFNXUC6MDZHjz,,,,,28.240203857421875,-82.6999969482421875,anonymous,EN,Chrome,80.0.3987.132,Windows NT 6.1,1280x800,ATTGYYVWOI5QC,1,5,47,3,3,,4.69,2,1,2,2,3,2,2,2,4,2,2,,,1,,,,,,,,,,,,,,,,,,,,,,,,,,,,,,,,,,,,,,,,,,,,,,,,,,,,4,4,3,3,3,3,3,3,3,3,3,3,3,3,3,3,3,3,3,3,3,3,ATTGYYVWOI5QC
2020-03-19 07:25:21,2020-03-19 07:32:22,0,47.147.214.215,100,420,1,2020-03-19 07:32:22,R_1GNzsQRMMUNO8iT,,,,,33.7626953125,-118.137603759765625,anonymous,EN,Chrome,79.0.3945.130,Windows NT 10.0,1366x768,,1,2,30,2,3,,3.02,1,0,1,1,3,2,2,2,2,1,1,1,,,,,,,,,,,,,,,,,,,,,,,,,,,,,,,,,,,,,,,,,,,,,,,,,,,,,,5,3,1,4,4,4,5,3,4,5,3,3,4,2,4,3,4,3,2,2,3,3,A3DFZQAOZ0NK2Q
2020-03-19 08:33:33,2020-03-19 08:38:35,0,45.4.197.71,100,301,1,2020-03-19 08:38:35,R_Ayrl37gbQGs92nv,,,,,40.75030517578125,-74.00140380859375,anonymous,EN,Chrome,80.0.3987.149,Windows NT 6.1,1366x768,,1,5,29,2,3,,5.38,2,1,1,2,3,2,2,2,3,2,1,,,,1,,,,,,,,,,,,,,,,,,,,,,,,,,,,,,,,,,,,,,,,,,,,,,,,,,,5,4,4,4,3,4,3,4,4,4,3,4,3,4,3,4,3,4,3,4,3,4,A21WYUEYXMVW81
2020-03-19 10:28:10,2020-03-19 10:34:03,0,66.115.183.146,100,352,1,2020-03-19 10:34:03,R_2riLv4UkpaX142w,,,,,33.766693115234375,-84.3363037109375,anonymous,EN,Chrome,80.0.3987.132,Windows NT 10.0,1366x768,,1,5,28,2,3,,5.63,1,0,1,2,3,2,2,2,2,2,2,,,1,,,,,,,,,,,,,,,,,,,,,,,,,,,,,,,,,,,,,,,,,,,,,,,,,,,,5,5,1,5,5,1,4,5,5,5,3,5,5,5,5,3,5,4,4,5,4,4,A264ZZ6XZVJMGF
2020-03-19 18:38:58,2020-03-19 18:41:57,0,173.25.25.86,100,179,1,2020-03-19 18:41:58,R_232VBY9dMsKoPwb,,,,,44.081207275390625,-93.5167999267578125,anonymous,EN,Chrome,80.0.3987.132,Windows NT 10.0,1366x768,,2,3,35,2,3,,2.16,1,0,1,,3,2,2,2,1,2,2,1,,,,,,,,,,,,,,,,,,,,,,,,,,,,,,,,,,,,,,,,,,,,,,,,,,,,,,3,6,1,5,3,4,4,5,2,2,4,5,2,5,1,4,4,3,2,1,4,2,A18E16UFE351U6
2020-03-19 18:48:54,2020-03-19 18:52:43,0,137.25.67.164,100,229,1,2020-03-19 18:52:44,R_pErfdHGUhBnZxIt,,,,,33.943603515625,-117.995697021484375,anonymous,EN,Firefox,74.0,Windows NT 10.0,1920x1080,,2,5,57,2,3,,1.31,2,2,1,,3,2,2,2,0,1,1,,1,,,,,,,,,,,,,,,,,,,,,,,,,,,,,,,,,,,,,,,,,,,,,,,,,,,,,7,7,1,5,4,2,3,4,4,5,4,4,4,5,4,2,4,5,2,1,2,4,A3VP27UUQ34OXK
2020-03-19 19:02:03,2020-03-19 19:05:06,0,199.83.210.166,100,183,1,2020-03-19 19:05:06,R_V2tReEFcTCbiBbj,,,,,28.021697998046875,-80.53949737548828125,anonymous,EN,Chrome,80.0.3987.132,Windows NT 10.0,1280x720,,1,5,25,2,3,,5.16,1,0,1,2,1,,2,2,5,2,2,,,1,,,,,,,,,,,,,,,,,,,,,,,,,,,,,,,,,,,,,,,,,,,,,,,,,,,,6,4,4,3,4,4,3,2,4,3,4,4,3,4,3,4,2,3,2,4,3,4,A3E8NUUS90EWXW
2020-03-19 19:14:18,2020-03-19 19:18:14,0,108.193.193.210,100,236,1,2020-03-19 19:18:14,R_1l4PFqiCESShN2J,,,,,37.5543975830078125,-97.25859832763671875,anonymous,EN,Chrome,80.0.3987.149,Windows NT 10.0,1366x768,,2,5,57,2,2,,4.99,2,1,1,2,3,2,2,2,1,1,2,1,,,,,,,,,,,,,,,,,,,,,,,,,,,,,,,,,,,,,,,,,,,,,,,,,,,,,,6,5,2,4,4,4,4,4,5,5,1,5,4,2,3,2,5,4,3,3,2,4,A1O7WUQDKPZGH4
2020-03-19 19:25:50,2020-03-19 19:30:43,0,173.175.127.31,100,293,1,2020-03-19 19:30:44,R_b3miNBLSKh0ZcMF,,,,,29.461395263671875,-98.74680328369140625,anonymous,EN,Chrome,80.0.3987.132,Windows NT 6.1,1920x1080,,2,2,38,2,3,,2.68,2,1,1,2,3,2,2,2,0,1,2,,,,,1,,,,,,,,,,,,,,,,,,,,,,,,,,,,,,,,,,,,,,,,,,,,,,,,,,5,6,2,4,4,4,4,2,4,3,3,4,4,3,4,4,3,4,4,2,1,3,A344L1A6OU5L0M
2020-03-19 19:33:38,2020-03-19 19:36:41,0,65.79.152.196,100,183,1,2020-03-19 19:36:42,R_3R3ASDl50usEO21,,,,,41.970306396484375,-87.66400146484375,anonymous,EN,Chrome,80.0.3987.132,Macintosh,1792x1120,,1,5,30,2,3,,1,2,0,1,1,3,1,2,2,1,1,1,,1,,,,,,,,,,,,,,,,,,,,,,,,,,,,,,,,,,,,,,,,,,,,,,,,,,,,,3,5,1,5,4,4,4,5,2,1,3,2,1,2,1,3,2,2,3,5,2,5,A2SB9HU5RD9QCP
2020-03-19 19:44:06,2020-03-19 19:50:04,0,76.23.194.107,100,357,1,2020-03-19 19:50:05,R_2c75ywVypefJWbc,,,,,43.85760498046875,-70.104400634765625,anonymous,EN,Chrome,80.0.3987.149,Windows NT 6.1,1366x768,,2,5,36,2,3,,1.44,2,2,1,2,3,2,2,2,2,2,2,,,,1,,,,,,,,,,,,,,,,,,,,,,,,,,,,,,,,,,,,,,,,,,,,,,,,,,,4,7,2,5,4,3,5,5,2,2,4,2,1,2,2,2,2,3,4,2,3,5,A2Y5ZQV27N0D0Z
2020-03-19 19:49:41,2020-03-19 19:52:46,0,162.204.150.119,100,184,1,2020-03-19 19:52:46,R_3nPC5DeZbBNkTGY,,,,,30.1222991943359375,-81.362701416015625,anonymous,EN,Chrome,80.0.3987.149,Linux x86_64,1920x1080,,1,5,69,2,2,,6.54,2,0,1,2,3,2,2,2,0,2,2,,,,1,,,,,,,,,,,,,,,,,,,,,,,,,,,,,,,,,,,,,,,,,,,,,,,,,,,4,5,1,4,4,4,4,4,3,4,4,4,3,4,2,2,2,4,4,2,4,4,A7ERZELTAMWL5
2020-03-19 19:54:14,2020-03-19 19:57:51,0,108.253.190.88,100,217,1,2020-03-19 19:57:52,R_1M0sTQkgn34dVYj,,,,,41.486602783203125,-81.80370330810546875,anonymous,EN,Chrome,80.0.3987.132,Windows NT 10.0,1242x699,,1,5,60,2,3,,1.22,3,1,1,,3,2,2,2,0,1,1,,,1,,,,,,,,,,,,,,,,,,,,,,,,,,,,,,,,,,,,,,,,,,,,,,,,,,,,1,7,1,4,4,4,5,5,3,1,2,4,3,2,2,4,3,4,3,4,5,5,A1YX741QQSMKPS
2020-03-19 20:02:45,2020-03-19 20:07:33,0,23.83.130.164,100,287,1,2020-03-19 20:07:33,R_r0eYlIp70qW6ypH,,,,,33.3321990966796875,-111.99420166015625,anonymous,EN,Chrome,80.0.3987.132,Windows NT 6.2,1366x768,,1,5,49,2,2,,1,2,2,1,2,3,2,2,2,2,2,2,,,1,,,,,,,,,,,,,,,,,,,,,,,,,,,,,,,,,,,,,,,,,,,,,,,,,,,,4,5,1,4,4,4,4,4,5,5,3,4,3,1,4,3,3,5,1,3,3,4,A1MCDM4BGRBWDY
2020-03-19 20:27:28,2020-03-19 20:34:19,0,98.196.122.25,100,411,1,2020-03-19 20:34:20,R_3dXPyGS7xw2QH64,,,,,29.397003173828125,-94.9203033447265625,anonymous,EN,Chrome,80.0.3987.132,Windows NT 10.0,1229x692,,2,5,45,2,1,,3.78,1,0,1,2,3,2,1,2,0,2,1,,1,,,,,,,,,,,,,,,,,,,,,,,,,,,,,,,,,,,,,,,,,,,,,,,,,,,,,3,6,1,4,4,4,4,4,3,4,4,3,2,3,1,4,3,4,2,3,4,3,A8D8BPNBHWZ6N
2020-03-19 20:34:59,2020-03-19 20:38:10,0,75.11.200.54,100,191,1,2020-03-19 20:38:10,R_3jZZLzWlmyXsCjD,,,,,33.95550537109375,-118.2863006591796875,anonymous,EN,Chrome,80.0.3987.149,Macintosh,1440x900,,2,7,23,1,3,,3.15,1,0,2,1,2,2,2,2,0,2,1,,,1,,,,,,,,,,,,,,,,,,,,,,,,,,,,,,,,,,,,,,,,,,,,,,,,,,,,4,5,1,3,4,4,4,4,4,2,4,3,3,3,4,3,3,4,3,4,3,4,A2FWZR12905V6J
2020-03-19 20:38:51,2020-03-19 20:42:30,0,70.244.45.232,100,218,1,2020-03-19 20:42:30,R_O3zZG43P7fHkNSF,,,,,36.0229034423828125,-78.94640350341796875,anonymous,EN,Chrome,80.0.3987.132,Macintosh,1280x800,,2,5,29,2,3,,1.04,2,0,2,2,1,2,2,2,0,2,2,,,,1,,,,,,,,,,,,,,,,,,,,,,,,,,,,,,,,,,,,,,,,,,,,,,,,,,,3,6,2,4,4,4,4,4,3,3,3,2,2,4,1,2,3,2,3,5,5,2,A1C2RQGJ35G0JT
2020-03-19 20:46:49,2020-03-19 20:50:09,0,192.181.142.189,100,200,1,2020-03-19 20:50:10,R_bQuaEqkCfKBrlvz,,,,,37.751007080078125,-97.82199859619140625,anonymous,EN,Chrome,80.0.3987.132,Windows NT 10.0,1600x900,,2,2,38,2,2,,4.3,2,3,2,,3,2,2,2,0,2,2,,,1,,,,,,,,,,,,,,,,,,,,,,,,,,,,,,,,,,,,,,,,,,,,,,,,,,,,6,6,1,4,4,4,4,4,4,4,4,3,4,2,3,3,4,4,3,3,4,4,AH6ZDHCFKNC72
2020-03-19 20:56:04,2020-03-19 21:05:01,0,99.178.254.72,100,536,1,2020-03-19 21:05:02,R_2lttClsJE8X9SI9,,,,,38.6154022216796875,-90.2158966064453125,anonymous,EN,Chrome,80.0.3987.132,Macintosh,2560x1440,,1,5,34,2,3,,3.02,2,0,1,,1,2,2,2,2,2,2,,,,,,1,,,,,,,3,2,2,,,,,,,,,,1,,1,,,,,,,,,,,,,,,,,,,,,,,,,,,,3,5,1,4,3,4,4,4,2,3,4,3,2,2,1,2,2,2,2,4,3,4,A1YXQW0MNXOSRZ
2020-03-19 21:18:03,2020-03-19 21:21:57,0,71.204.231.161,100,233,1,2020-03-19 21:21:57,R_2wHJIRTd7RsncwD,,,,,32.7147064208984375,-79.95259857177734375,anonymous,EN,Chrome,80.0.3987.137,CrOS x86_64 12739.94.0,1366x768,,2,5,50,2,2,,5.68,2,0,1,2,3,2,2,2,0,2,1,1,,,,,,,,,,,,,,,,,,,,,,,,,,,,,,,,,,,,,,,,,,,,,,,,,,,,,,2,6,1,4,4,4,5,4,2,3,2,4,2,2,2,4,2,2,3,2,4,4,A37WDOIQH6JM6V
2020-03-19 22:15:24,2020-03-19 22:18:37,0,74.175.146.151,100,192,1,2020-03-19 22:18:37,R_3LjSJ8EpxAIFt7b,,,,,33.0579986572265625,-80.010101318359375,anonymous,EN,Chrome,80.0.3987.149,Windows NT 10.0,1536x864,,1,3,43,2,3,,2.95,2,0,1,2,3,2,2,2,0,1,2,,,1,,,,,,,,,,,,,,,,,,,,,,,,,,,,,,,,,,,,,,,,,,,,,,,,,,,,3,6,2,4,4,3,4,4,3,2,2,2,2,2,4,2,3,2,2,2,4,4,AVQGY7FCU80XP
2020-03-19 22:33:47,2020-03-19 22:36:41,0,75.108.218.106,100,173,1,2020-03-19 22:36:42,R_1EXckvgUT9qRvSY,,,,,38.4409027099609375,-81.47989654541015625,anonymous,EN,Firefox,73.0,Ubuntu,1366x768,,1,5,48,2,1,,3.42,3,2,1,2,3,2,2,2,1,1,1,,,1,,,,,,,,,,,,,,,,,,,,,,,,,,,,,,,,,,,,,,,,,,,,,,,,,,,,3,5,1,4,4,4,4,4,2,3,2,4,2,3,2,3,4,3,4,3,4,3,AP9WIQ4P78XLH
2020-03-19 22:37:00,2020-03-19 22:40:15,0,73.153.191.15,100,195,1,2020-03-19 22:40:15,R_BLnGxiBC1PWdZGV,,,,,39.690399169921875,-105.09870147705078125,anonymous,EN,Chrome,80.0.3987.149,Windows NT 6.1,1440x900,,2,5,58,2,1,,5.8,2,0,1,,3,2,2,2,0,2,2,,,1,,,,,,,,,,,,,,,,,,,,,,,,,,,,,,,,,,,,,,,,,,,,,,,,,,,,1,7,1,5,5,5,5,5,1,1,1,3,1,5,1,2,1,4,5,5,4,3,AURYD2FH3FUOQ
2020-03-19 23:32:33,2020-03-19 23:34:45,0,73.95.135.115,100,132,1,2020-03-19 23:34:46,R_1FkZN82jMaiMOOc,,,,,39.7277069091796875,-104.98149871826171875,anonymous,EN,Chrome,80.0.3987.149,Macintosh,1024x640,,2,2,54,2,1,,3.8,2,2,1,,1,2,1,1,0,1,2,,,,1,,,,,,,,,,,,,,,,,,,,,,,,,,,,,,,,,,,,,,,,,,,,,,,,,,,7,6,1,5,5,5,5,5,4,4,4,4,4,4,4,4,4,4,4,4,4,4,ALML8V38FDV0
2020-03-19 23:43:02,2020-03-19 23:44:35,0,136.58.83.93,100,92,1,2020-03-19 23:44:35,R_3Dw5UKbHQAqaszX,,,,,36.1670989990234375,-86.786102294921875,anonymous,EN,Chrome,80.0.3987.132,Windows NT 10.0,1920x1080,,1,2,40,2,3,,1,2,0,1,2,3,2,2,2,0,2,2,,,,,1,,,,,,,,,,,,,,,,,,,,,,,,,,,,,,,,,,,,,,,,,,,,,,,,,,7,7,5,5,5,5,5,5,5,5,4,5,5,5,5,5,5,5,5,5,5,5,AIFRN9GF0Q1ZI
2020-03-20 00:01:12,2020-03-20 00:05:54,0,47.227.96.208,100,282,1,2020-03-20 00:05:55,R_1QgPxoqCAWG4z38,,,,,39.7436065673828125,-86.1157989501953125,anonymous,EN,Chrome,80.0.3987.132,Macintosh,1280x800,,2,5,64,2,2,,5.38,4,2,1,,3,2,1,2,0,1,2,,,1,,,,,,,,,,,,,,,,,,,,,,,,,,,,,,,,,,,,,,,,,,,,,,,,,,,,4,6,2,5,4,4,4,4,2,2,3,4,2,2,4,3,3,2,3,2,4,4,A1T4USY27Q12RS
2020-03-20 00:24:09,2020-03-20 00:27:56,0,76.175.93.118,100,227,1,2020-03-20 00:27:57,R_1dlPQJgufBbnawH,,,,,34.145294189453125,-117.30049896240234375,anonymous,EN,Chrome,80.0.3987.149,Windows NT 10.0,1366x768,,1,5,31,1,3,,2.48,1,0,1,2,3,2,2,2,0,2,2,,,1,,,,,,,,,,,,,,,,,,,,,,,,,,,,,,,,,,,,,,,,,,,,,,,,,,,,6,7,1,5,3,4,5,5,3,1,4,5,1,3,1,3,3,5,3,5,4,4,A2GCNSW7Q5OZ9Z
2020-03-16 21:51:47,2020-03-16 21:52:55,0,73.102.188.111,61,68,0,2020-03-23 21:52:56,R_3F8ILxl2cOq72Cd,,,,,,,anonymous,EN,Firefox,74.0,Windows NT 10.0,1280x720,,1,5,54,2,3,,1.81,2,2,1,2,3,2,2,2,2,1,2,,,,1,,,,,,,,,,,,,,,,,,,,,,,,,,,,,,,,,,,,,,,,,,,,,,,,,,,,,,,,,,,,,,,,,,,,,,,,,A2S37P50AYCUYV
2020-03-19 18:59:13,2020-03-19 18:59:30,0,45.16.110.152,7,16,0,2020-03-26 18:59:53,R_XXIJu3tl5eVLxo5,,,,,,,anonymous,EN,Chrome,80.0.3987.132,Windows NT 10.0,1366x768,,,,,,,,,,,,,,,,,,,,,,,,,,,,,,,,,,,,,,,,,,,,,,,,,,,,,,,,,,,,,,,,,,,,,,,,,,,,,,,,,,,,,,,,,,,,,,,,A2WF5UNBPQ13UO
2020-06-30 00:21:21,2020-06-30 00:25:20,0,45.37.103.156,100,238,1,2020-06-30 00:25:20,R_2TZd2yyWHq5TmQu,,,,,35.96099853515625,-78.92910003662109375,anonymous,EN,Firefox,77.0,Macintosh,2560x1440,test,,5,65,3,1,,2.7,1,8,2,2,2,2,1,1,4,2,1,,,,,,,,,1,,,,,,,,,,,,,,,,,,,,,,,,,,,,,,,,,,,,,,,,,,,,,,5,2,5,4,2,3,1,5,4,3,4,4,5,3,2,3,4,5,4,2,5,4,pate test
2020-07-03 02:02:51,2020-07-03 02:04:39,0,50.104.89.6,100,107,1,2020-07-03 02:04:39,R_T162Dj8kZ3iSpMt,,,,,41.1371002197265625,-85.06369781494140625,anonymous,EN,Chrome,83.0.4103.116,Windows NT 6.3,1366x768,,1,5,28,1,3,,3.1,2,0,1,2,1,,2,2,4,2,2,,,1,,,,,,,,,,,,,,,,,,,,,,,,,,,,,,,,,,,,,,,,,,,,,,,,,,,,6,5,3,5,3,2,4,4,4,4,4,4,3,2,3,3,4,4,2,3,4,4,AEOV5KTIX4RRG
2020-07-03 02:42:06,2020-07-03 02:45:52,0,166.182.84.55,100,226,1,2020-07-03 02:45:53,R_3QXDrXu5hSTyf0U,,,,,41.6006011962890625,-93.61119842529296875,anonymous,EN,Chrome,83.0.4103.116,Windows NT 10.0,1366x768,,2,5,57,2,2,,4.89,2,1,1,2,3,2,2,2,3,1,2,1,,,,,,,,,,,,,,,,,,,,,,,,,,,,,,,,,,,,,,,,,,,,,,,,,,,,,,6,7,1,4,3,4,3,4,5,5,1,5,5,1,5,2,5,5,1,1,2,4,A1O7WUQDKPZGH4
2020-07-03 03:41:15,2020-07-03 03:45:04,0,98.186.120.44,100,229,1,2020-07-03 03:45:04,R_1Lb5Gjc3iDLKPKz,,,,,38.8253021240234375,-97.6389007568359375,anonymous,EN,Chrome,80.0.3987.149,Windows NT 6.2,1366x768,,1,5,28,2,3,,5.47,2,1,1,2,3,2,2,2,1,2,2,,,1,,,,,,,,,,,,,,,,,,,,,,,,,,,,,,,,,,,,,,,,,,,,,,,,,,,,5,5,2,4,4,2,4,3,2,2,2,2,2,2,2,2,2,2,2,2,3,3,A17HPIMWO945DJ
2020-07-03 05:47:57,2020-07-03 05:52:07,0,67.7.21.176,100,249,1,2020-07-03 05:52:07,R_Od0Te0fawbTOLlv,,,,,31.75830078125,-95.6365966796875,anonymous,EN,Chrome,83.0.4103.116,Windows NT 10.0,1536x864,,1,5,61,2,3,,1,2,0,2,2,3,2,2,2,4,1,2,1,,,,,,,,,,,,,,,,,,,,,,,,,,,,,,,,,,,,,,,,,,,,,,,,,,,,,,2,5,1,5,4,4,4,5,2,2,2,2,2,2,3,4,3,2,2,3,5,3,A2G43KS55YGYQE
2020-07-14 18:24:52,2020-07-14 18:24:55,0,45.36.85.160,7,2,0,2020-07-21 18:25:05,R_2XnaRxsvB60yyo8,,,,,,,anonymous,EN,Chrome,83.0.4103.116,Linux x86_64,2560x1440,,,,,,,,,,,,,,,,,,,,,,,,,,,,,,,,,,,,,,,,,,,,,,,,,,,,,,,,,,,,,,,,,,,,,,,,,,,,,,,,,,,,,,,,,,,,,,,,moocow
2020-07-14 18:27:46,2020-07-14 18:27:49,8,45.36.85.160,7,2,0,2020-07-21 18:28:03,R_e5TTthbMcr5LyyR,,,,,,,anonymous,EN,Chrome,83.0.4103.116,Linux x86_64,2560x1440,,,,,,,,,,,,,,,,,,,,,,,,,,,,,,,,,,,,,,,,,,,,,,,,,,,,,,,,,,,,,,,,,,,,,,,,,,,,,,,,,,,,,,,,,,,,,,,,hownow
